deck,category,question,option_a,option_b,option_c,option_d,answer,note,source
"Set 1","Food & kitchen","Which living ingredient makes bread dough rise?","Yeast","Butter","Salt","Sugar","Yeast","Yeast feeds on sugars and releases carbon dioxide, which inflates the dough.","https://www.britannica.com/science/yeast-fungus"
"Set 1","Nature","What plant makes up most of a giant panda’s diet?","Bamboo","Eucalyptus","Seaweed","Pine needles","Bamboo","Wild giant pandas spend much of the day eating bamboo.","https://nationalzoo.si.edu/animals/giant-panda"
"Set 1","Sports","In tennis scoring, what does “love” mean?","One point","A tied score","Match point","Zero","Zero","Love is the standard tennis term for a score of zero.","https://www.itftennis.com/media/7221/2026-rules-of-tennis-english.pdf"
"Set 1","World","Which river flows beneath London’s Tower Bridge?","Danube","Rhine","Thames","Seine","Thames","Tower Bridge crosses the River Thames in central London.","https://www.britannica.com/topic/Tower-Bridge"
"Set 1","Screen & sound","Who sings lead on the Beatles’ 1966 single “Yellow Submarine”?","Ringo Starr","George Harrison","Paul McCartney","John Lennon","Ringo Starr","Ringo Starr sings the lead vocal; the other Beatles join the choruses.","https://www.thebeatles.com/yellow-submarine"
"Set 1","Science","After breathing normal air, we exhale mostly which gas?","Oxygen","Water vapor","Nitrogen","Carbon dioxide","Nitrogen","Nitrogen makes up about 78% of inhaled air and remains the largest part of exhaled air.","https://www.britannica.com/science/air"
"Set 1","Food & kitchen","What is allspice made from?","A blend of spices","Ground roots","Dried flower buds","Dried berries","Dried berries","Allspice is the dried, unripe berry of the Pimenta dioica tree.","https://www.britannica.com/plant/allspice"
"Set 1","Nature","Penguins expel their salt glands’ secretions through what?","Nostrils","Skin pores","Tear ducts","Ear canals","Nostrils","Their salt glands drain into the nasal passages, so excess salt leaves through the nostrils.","https://oceanservice.noaa.gov/facts/seabird.html"
"Set 1","Books & games","In Carroll’s Alice in Wonderland, the Duchess’s baby turns into what?","Frog","Pig","Rabbit","Mouse","Pig","Alice carries the baby away before it transforms into a pig.","https://www.gutenberg.org/files/11/11-h/11-h.htm"
"Set 1","Nature","Ming, the animal dated to 507 years old, was what?","Greenland shark","Bowhead whale","Ocean clam","Giant tortoise","Ocean clam","Ming was an ocean quahog clam collected near Iceland.","https://www.bangor.ac.uk/news/archive/ocean-quahog-clam-at-least-507-years-old-16466"
"Set 1","Food & kitchen","Margarine’s original French recipe got its main fat from what?","Olive oil","Beef tallow","Coconut oil","Pork lard","Beef tallow","Hippolyte Mège-Mouriès made early margarine largely from beef fat.","https://www.britannica.com/topic/margarine"
"Set 1","Food & kitchen","At Heinz’s 1869 launch, what was its first bottled product?","Mustard","Tomato ketchup","Horseradish","Pickle relish","Horseradish","Henry Heinz first sold his mother’s grated horseradish in clear bottles.","https://www.senatorjohnheinzhistorycenter.org/exhibits/heinz/"
"Set 1","Screen & sound","What color are Dorothy’s magic slippers in the 1939 Wizard of Oz?","Blue","Red","Silver","Green","Red","The film changed the book’s silver shoes to ruby slippers to exploit Technicolor.","https://americanhistory.si.edu/collections/object/nmah_670130"
"Set 1","World","A leaf from which tree appears on Canada’s national flag?","Elm","Maple","Oak","Birch","Maple","The flag centers a stylized red maple leaf.","https://www.canada.ca/en/canadian-heritage/services/flag-canada-history.html"
"Set 1","Everyday objects","The fuzzy side of a Velcro fastener is covered in tiny what?","Loops","Hooks","Snaps","Teeth","Loops","One strip has hooks; the softer strip has loops for those hooks to catch.","https://www.britannica.com/technology/hook-and-loop-fastener"
"Set 1","Science","Which part of your eye changes the size of your pupil?","Retina","Cornea","Lens","Iris","Iris","Muscles in the iris constrict or dilate the pupil to control incoming light.","https://www.nei.nih.gov/learn-about-eye-health/healthy-vision/how-eyes-work"
"Set 1","World","The Taj Mahal’s main white marble building was built as what?","A courthouse","A mausoleum","A royal palace","A fortress","A mausoleum","Shah Jahan commissioned the complex as a mausoleum for Mumtaz Mahal.","https://whc.unesco.org/en/list/252/"
"Set 1","Screen & sound","What bird’s head forms the handle of Mary Poppins’ umbrella?","Swan","Duck","Owl","Parrot","Parrot","Mary Poppins carries an umbrella with a talking parrot-head handle.","https://d23.com/a-to-z/mary-poppins-film/"
"Set 1","Screen & sound","In 1971’s Willy Wonka, the machine that rejects Veruca tests what?","Eggs","Chocolate","Gum","Nuts","Eggs","The Eggdicator judges golden chocolate eggs as good or bad.","https://catalog.afi.com/Catalog/moviedetails/54174"
"Set 1","Books & games","In classic Clue, what must you still try to do after a wrong accusation?","Reveal your whole hand","Make one suggestion","Roll on every turn","Disprove suggestions","Disprove suggestions","You stop moving and suggesting, but must still show cards to disprove others’ suggestions.","https://instructions.hasbro.com/en-us/instruction/clue-game"
"Set 1","Everyday objects","What does a tape measure’s sliding end hook compensate for?","The case’s weight","Temperature changes","The tape’s curvature","The hook’s thickness","The hook’s thickness","The hook slides by its own thickness so inside and outside measurements agree.","https://www.uspto.gov/learning-and-resources/journeys-innovation/historical-stories/tape-measure"
"Set 1","Food & kitchen","What gives ordinary aluminum foil its shiny and dull sides?","Polishing after cuts","Spraying one surface","Rolling paired sheets","Cooling at two speeds","Rolling paired sheets","Two sheets are rolled together at the final pass. The sides touching the rollers become shiny.","https://www.britannica.com/technology/aluminum-foil"
"Set 1","Art","Which kitchen tool did Jackson Pollock use to squeeze paint onto canvas?","A cookie press","A turkey baster","A potato ricer","A pastry bag","A turkey baster","Pollock used hardened brushes, sticks, and even a kitchen baster to drip and pour paint.","https://www.moma.org/artists/4675"
"Set 1","Sports","In soccer, a legal throw-in goes directly into your own goal. What next?","A corner kick","Retake the throw-in","A goal kick","An own goal counts","A corner kick","A goal cannot be scored directly from a throw-in. Into your own goal means a corner kick.","https://www.theifab.com/laws/latest/the-throw-in/"
"Set 1","Screen & sound","What was the fake blood in the shower scene of Psycho made from?","Tomato soup","Chocolate syrup","Red paint","Coffee","Chocolate syrup","The black-and-white film used chocolate syrup because its tone and flow read well on camera.","https://www.bfi.org.uk/features/psycho-shower-scene-alfred-hitchcock"
"Set 1","Screen & sound","Which candy did E.T. follow in E.T. the Extra-Terrestrial?","M&Ms","Skittles","Reese’s Pieces","Jelly Babies","Reese’s Pieces","Elliott lays a trail of Reese’s Pieces to coax E.T. out of hiding.","https://catalog.afi.com/Catalog/moviedetails/56772"
"Set 1","Screen & sound","What make of car is the time machine in Back to the Future?","Pontiac","DeLorean","Ferrari","Lotus","DeLorean","Doc Brown builds the time machine from a stainless-steel DeLorean DMC-12.","https://www.loc.gov/item/prn-07-254/"
"Set 1","Screen & sound","David Bowie was born with which surname?","Bolton","Jones","Mercury","Stardust","Jones","He was born David Robert Jones and changed his stage name to avoid confusion with Davy Jones.","https://www.britannica.com/biography/David-Bowie"
"Set 1","Screen & sound","What was the working title of the Beatles song “Yesterday”?","Boiled Eggs","Scrambled Eggs","Sunday Morning","Only Yesterday","Scrambled Eggs","McCartney used “Scrambled Eggs” as a placeholder while developing the melody.","https://www.loc.gov/static/programs/national-recording-preservation-board/documents/Yesterday.pdf"
"Set 1","Screen & sound","The name ABBA is formed from what?","Four home towns","Four surnames","Four first names","A Swedish phrase","Four first names","ABBA takes one initial from Agnetha, Björn, Benny, and Anni-Frid.","https://www.britannica.com/topic/ABBA"
"Set 1","Screen & sound","Which actor provided Darth Vader’s speaking voice in the original Star Wars trilogy?","David Prowse","James Earl Jones","Alec Guinness","Peter Cushing","James Earl Jones","David Prowse played Vader physically, while James Earl Jones supplied the voice.","https://www.britannica.com/biography/James-Earl-Jones"
"Set 1","Screen & sound","Toy Story was the first feature film made entirely with what?","Stop-motion puppets","Computer animation","Digital cameras","Motion capture","Computer animation","Pixar’s 1995 release was the first fully computer-animated feature film.","https://www.pixar.com/feature-films/toy-story"
"Set 1","Sports","In golf, what does a birdie mean?","One over par","One under par","Two under par","An even score","One under par","A birdie is a score of one stroke under par on a hole.","https://www.britannica.com/sports/golf"
"Set 1","Sports","How many feathers are traditionally used in a badminton shuttlecock?","12","14","16","18","16","Competition feather shuttlecocks use 16 feathers fixed into the cork base.","https://corporate.bwfbadminton.com/statutes/"
"Set 1","Sports","What color jersey marks the overall leader of the Tour de France?","Green","White","Polka-dot","Yellow","Yellow","The race leader wears the yellow jersey, or maillot jaune.","https://www.letour.fr/en/the-jerseys-tour-de-france"
"Set 1","Sports","How many balls make up a standard over in modern cricket?","Five","Six","Eight","Ten","Six","An over consists of six valid deliveries by one bowler.","https://www.lords.org/mcc/the-laws-of-cricket/the-over"
"Set 1","Sports","Why does a volleyball libero wear a contrasting jersey?","They are team captain","They cannot serve","Officials must identify them","They joined as a substitute","Officials must identify them","The different jersey lets officials track the libero’s special substitution and position rules.","https://www.fivb.com/volleyball/the-game/official-volleyball-rules/"
"Set 1","Sports","How many points is the black ball worth in snooker?","Five","Six","Seven","Eight","Seven","The black is the highest-value color ball at seven points.","https://wpbsa.com/rules/"
"Set 1","Sports","The modern marathon distance is 26 miles plus how many yards?","185","285","385","485","385","The official distance is 26 miles 385 yards, or 42.195 kilometers.","https://worldathletics.org/disciplines/road-running/marathon"
"Set 1","Sports","What is Wimbledon’s playing surface?","Clay","Grass","Carpet","Hard court","Grass","Wimbledon is the only tennis Grand Slam still played on grass.","https://www.wimbledon.com/en_GB/about_wimbledon/grass_courts.html"
"Set 1","Food & kitchen","Botanically, peanuts belong to which family?","Nuts","Legumes","Grasses","Berries","Legumes","Peanuts grow in pods and belong to the legume family with peas and beans.","https://www.britannica.com/plant/peanut"
"Set 1","Food & kitchen","Capers are usually pickled parts of a plant. Which parts?","Roots","Leaves","Flower buds","Seeds","Flower buds","Capers are unopened flower buds from the caper bush.","https://www.britannica.com/plant/caper"
"Set 1","Food & kitchen","Which spice is the dried stigma of a flower?","Cumin","Saffron","Paprika","Turmeric","Saffron","Saffron consists of hand-picked stigmas from the saffron crocus.","https://www.britannica.com/plant/saffron"
"Set 1","Food & kitchen","Nutmeg and mace come from what relationship?","Two unrelated roots","One tree’s seed and seed covering","The same dried leaf","Two stages of one flower","One tree’s seed and seed covering","Nutmeg is the seed; mace is the lacy red covering around that seed.","https://www.britannica.com/plant/nutmeg"
"Set 1","Food & kitchen","Traditional Worcestershire sauce contains which fish?","Tuna","Sardines","Anchovies","Mackerel","Anchovies","Anchovies ferment with vinegar, molasses, tamarind, and seasonings in the classic sauce.","https://www.britannica.com/topic/Worcestershire-sauce"
"Set 1","Food & kitchen","What does the Italian name tiramisu roughly mean?","Sweet morning","Pick me up","Layered cream","Coffee cake","Pick me up","The name comes from an Italian phrase meaning “pick me up” or “cheer me up.”","https://www.treccani.it/vocabolario/tiramisu/"
"Set 1","Food & kitchen","The modern chocolate chip cookie was created at which inn?","Toll House Inn","Brown Derby","Savoy Inn","Palmer House","Toll House Inn","Ruth Wakefield developed the cookie at Massachusetts’s Toll House Inn.","https://www.smithsonianmag.com/smart-news/first-chocolate-chip-was-molasses-candy-180963206/"
"Set 1","Food & kitchen","Before small table forks caught on in Europe, forks were mainly used for what?","Eating soup","Cooking and serving","Cutting bread","Measuring spices","Cooking and serving","Ancient forks were largely cooking tools; small personal eating forks spread much later.","https://www.smithsonianmag.com/arts-culture/a-history-of-western-eating-utensils-from-the-scandalous-fork-to-the-incredible-spork-64593179/"
"Set 1","Nature","How many hearts does an octopus have?","One","Two","Three","Four","Three","Two hearts pump blood to the gills and one pumps it around the body.","https://oceanservice.noaa.gov/facts/octopus.html"
"Set 1","Nature","What unusual shape are wombat droppings?","Spiral","Cube","Ring","Pyramid","Cube","Wombats produce cube-shaped droppings due to the changing elasticity of their intestines.","https://www.science.org/content/article/how-do-wombats-poop-cubes-scientists-get-bottom-mystery"
"Set 1","Nature","What color is a polar bear’s skin under its fur?","White","Pink","Black","Gray","Black","Polar bears have black skin beneath translucent, light-scattering fur.","https://nationalzoo.si.edu/animals/polar-bear"
"Set 1","Nature","A giraffe has how many neck vertebrae?","Seven","Twelve","Eighteen","Twenty-four","Seven","Like most mammals, a giraffe has seven neck vertebrae, each one greatly elongated.","https://www.britannica.com/animal/giraffe"
"Set 1","Nature","Flamingos get their pink color mainly from what?","Sunlight","Carotenoid pigments in food","Salt water","A skin oil","Carotenoid pigments in food","Carotenoid pigments from algae and small crustaceans color their feathers.","https://nationalzoo.si.edu/animals/flamingo"
"Set 1","Science","Which planet has a day longer than its year?","Mercury","Venus","Mars","Neptune","Venus","Venus rotates once in about 243 Earth days but orbits the Sun in about 225.","https://science.nasa.gov/venus/facts/"
"Set 1","Science","What color can sunsets appear on Mars?","Green","Blue","Purple","White","Blue","Fine Martian dust scatters light so the sky near the setting Sun can look blue.","https://science.nasa.gov/resource/blue-sunset-on-mars/"
"Set 1","Science","Which planet is hottest, despite not being closest to the Sun?","Mercury","Venus","Earth","Mars","Venus","Venus’s thick carbon-dioxide atmosphere traps enough heat to make it hotter than Mercury.","https://science.nasa.gov/venus/facts/"
"Set 1","Everyday objects","What does the “WD” in WD-40 stand for?","Workshop Degreaser","Water Displacement","Weather Defense","Wax Dissolver","Water Displacement","The product name records “Water Displacement” and the successful 40th formula.","https://www.wd40.com/history/"
"Set 1","Everyday objects","Pencil “lead” is actually made mainly from what?","Lead","Charcoal","Graphite","Zinc","Graphite","Pencil cores use graphite mixed with clay, not metallic lead.","https://www.britannica.com/technology/pencil-writing-implement"
"Set 1","Everyday objects","Bubble Wrap was first marketed as what?","Insulation","Wallpaper","Pool lining","Packing material","Wallpaper","Its inventors first tried selling the sealed-air plastic sheets as textured wallpaper.","https://www.smithsonianmag.com/innovation/accidental-invention-bubble-wrap-180971325/"
"Set 1","Everyday objects","What does ZIP in ZIP Code stand for?","Zonal Index Post","Zone Improvement Plan","Zero Interruption Post","Zoned Information Path","Zone Improvement Plan","The U.S. Postal Service introduced the Zone Improvement Plan code in 1963.","https://facts.usps.com/decoding-the-zip-code/"
"Set 1","World","Big Ben is properly the nickname of what?","The whole palace","The clock face","The Great Bell","The tower","The Great Bell","Big Ben names the Great Bell; the tower itself is Elizabeth Tower.","https://www.parliament.uk/about/living-heritage/building/palace/big-ben/"
"Set 1","World","Which country lies in all four hemispheres?","Brazil","Indonesia","Kenya","Kiribati","Kiribati","Kiribati crosses both the equator and the 180-degree meridian.","https://www.britannica.com/place/Kiribati"
"Set 1","World","What is the world’s deepest lake?","Lake Superior","Lake Tanganyika","Lake Baikal","Caspian Sea","Lake Baikal","Siberia’s Lake Baikal reaches about 1,620 meters at its deepest point.","https://www.britannica.com/place/Lake-Baikal"
"Set 1","World","The Statue of Liberty’s outer skin is made from what metal?","Bronze","Copper","Iron","Zinc","Copper","Thin copper sheets form the exterior; oxidation created the green patina.","https://www.nps.gov/stli/learn/historyculture/statue-statistics.htm"
"Set 2","Screen & sound","What was the first music video shown on MTV?","Money for Nothing","Video Killed the Radio Star","Take on Me","You Better Run","Video Killed the Radio Star","MTV launched on August 1, 1981, with the Buggles video Video Killed the Radio Star.","https://www.smithsonianmag.com/smart-news/first-music-video-played-mtv-video-killed-radio-star-180978319/"
"Set 2","Screen & sound","The film sound-effect technique called Foley is named after a person with what first name?","Jack","Frank","Walter","George","Jack","Sound-effects artist Jack Foley pioneered the synchronized performance technique that bears his name.","https://www.oscars.org/collection-highlights/foley"
"Set 2","Screen & sound","How tall is an Oscar statuette?","10.5 inches","11.75 inches","13.5 inches","15 inches","13.5 inches","The Academy Award statuette stands 13.5 inches tall and weighs 8.5 pounds.","https://www.oscars.org/oscars/statuette"
"Set 2","Screen & sound","Which film first used the famous Wilhelm scream sound effect?","Distant Drums","The Charge at Feather River","King Kong","The Wild Bunch","Distant Drums","The scream was originally recorded for the 1951 film Distant Drums before later receiving its nickname.","https://www.loc.gov/static/programs/national-film-preservation-board/documents/wilhelm-scream.pdf"
"Set 2","Screen & sound","What song does Sam repeatedly play in Casablanca?","Blue Moon","As Time Goes By","It Had to Be You","Moonlight Becomes You","As Time Goes By","Sam plays Herman Hupfeld's As Time Goes By for Ilsa and later for Rick.","https://www.loc.gov/static/programs/national-film-preservation-board/documents/casablanca.pdf"
"Set 2","Screen & sound","Which 1983 film was the first theatrical release to use the THX sound system?","Scarface","Flashdance","Return of the Jedi","WarGames","Return of the Jedi","THX debuted with Return of the Jedi at the film's 1983 premiere.","https://www.lucasfilm.com/news/thx-40-years/"
"Set 2","Screen & sound","What nickname did the crew give the mechanical shark in Jaws?","Bruce","Buster","Mako","George","Bruce","The Jaws crew called its troublesome mechanical shark Bruce.","https://www.oscars.org/collection-highlights/jaws"
"Set 2","Screen & sound","Which Disney animated feature was the first released in CinemaScope?","Peter Pan","Lady and the Tramp","Sleeping Beauty","One Hundred and One Dalmatians","Lady and the Tramp","Lady and the Tramp became Disney's first animated feature produced in the widescreen CinemaScope format.","https://d23.com/a-to-z/lady-and-the-tramp-film/"
"Set 2","Sports","How far is a soccer penalty mark from the goal line?","10 yards","11 yards","12 yards","15 yards","12 yards","The penalty mark sits 12 yards from the midpoint between the goalposts.","https://www.theifab.com/laws/latest/the-field-of-play/"
"Set 2","Sports","How many double stitches are on a regulation Major League baseball?","88","96","108","120","108","A regulation baseball has 108 double stitches sewn into its cover.","https://www.mlb.com/glossary/rules/baseball"
"Set 2","Sports","How high is the top edge of a regulation basketball rim?","8 feet","9 feet","10 feet","12 feet","10 feet","Basketball rules place the rim 10 feet above the playing floor.","https://official.nba.com/rule-no-1-court-dimensions-equipment/"
"Set 2","Sports","What is the official height of a table-tennis net?","12.25 cm","15.25 cm","17.5 cm","20 cm","15.25 cm","The net assembly must be 15.25 centimeters high along its entire length.","https://www.ittf.com/handbook/"
"Set 2","Sports","How many sides does baseball's home plate have?","Four","Five","Six","Eight","Five","Home plate is a five-sided slab with a 17-inch edge facing the pitcher.","https://www.mlb.com/official-information/official-rules"
"Set 2","Sports","How long may a golfer search for a lost ball under the current rules?","Two minutes","Three minutes","Five minutes","Ten minutes","Three minutes","A ball is lost if it is not found within three minutes after the search begins.","https://www.randa.org/rog/the-rules-of-golf/rule-18"
"Set 2","Sports","What is the maximum number of clubs a golfer may carry during a round?","10","12","14","16","14","The Rules of Golf limit a player to 14 clubs during a round.","https://www.randa.org/rog/the-rules-of-golf/rule-4"
"Set 2","Food & kitchen","A pineapple develops from roughly what structure?","One enlarged berry","Many fused flowers","A swollen root","A hollow stem","Many fused flowers","A pineapple is a multiple fruit formed as many individual flowers fuse together.","https://www.britannica.com/plant/pineapple"
"Set 2","Food & kitchen","Vanilla beans are the fruits of what kind of plant?","A palm","An orchid","A grass","A cactus","An orchid","Commercial vanilla comes from the cured fruits of climbing orchids in the genus Vanilla.","https://www.britannica.com/plant/vanilla-plant"
"Set 2","Food & kitchen","Where does a cashew nut grow on its fruit?","Inside the core","Under the soil","On the outside end","In a cluster of pits","On the outside end","The cashew seed hangs in a shell from the bottom of the fleshy cashew apple.","https://www.britannica.com/plant/cashew"
"Set 2","Food & kitchen","Cream of tartar is a crystalline by-product of making what?","Cheese","Wine","Bread","Vinegar","Wine","Cream of tartar is purified potassium bitartrate deposited during wine fermentation and aging.","https://www.britannica.com/science/cream-of-tartar"
"Set 2","Food & kitchen","What physical test is traditionally used to sort ripe cranberries?","They float in oil","They bounce","They ring when tapped","They stick to steel","They bounce","Sound cranberries bounce, allowing damaged berries to be separated by bounce-board sorters.","https://www.si.edu/stories/why-do-cranberries-bounce"
"Set 2","Food & kitchen","What gives tonic water its characteristic bitterness?","Tannin","Quinine","Citric acid","Juniper oil","Quinine","Tonic water is flavored with the bitter alkaloid quinine.","https://www.britannica.com/science/quinine"
"Set 2","Food & kitchen","Which fruit supplies the enzyme bromelain used as a meat tenderizer?","Papaya","Pineapple","Kiwi","Fig","Pineapple","Pineapple tissues contain bromelain, a mixture of protein-digesting enzymes.","https://www.britannica.com/science/bromelain"
"Set 2","Nature","An owl's eyes are shaped more like what than balls?","Tubes","Discs","Cones","Cubes","Tubes","An owl has elongated, tube-shaped eyes held rigidly in bony structures called sclerotic rings.","https://nationalzoo.si.edu/animals/news/why-owls-turn-their-heads-so-far-around"
"Set 2","Nature","Which marine mammal has the densest fur?","Harbor seal","Sea otter","Walrus","Polar bear","Sea otter","Sea otters can have up to about one million hairs per square inch of fur.","https://www.fisheries.noaa.gov/species/sea-otter"
"Set 2","Nature","Butterflies primarily taste with receptors located where?","On their antennae","On their wings","On their feet","Inside their proboscis","On their feet","Taste receptors on a butterfly's feet help it identify suitable food and host plants.","https://www.si.edu/stories/14-fun-facts-about-butterflies"
"Set 2","Nature","What color can reindeer eyes turn during the Arctic winter?","Blue","Red","Green","White","Blue","Reindeer tapeta change from gold in summer to deep blue in winter to improve low-light sensitivity.","https://www.ucl.ac.uk/news/2013/oct/reindeer-eyes-change-colour-seasons"
"Set 2","Nature","How often does a typical three-toed sloth descend from its tree to defecate?","About daily","About weekly","About monthly","Only after rain","About weekly","Three-toed sloths usually make a risky descent to the forest floor about once a week.","https://www.si.edu/stories/why-do-sloths-leave-trees-poop"
"Set 2","Nature","Which bird has nostrils located near the tip of its bill?","Kiwi","Toucan","Pelican","Albatross","Kiwi","Unlike most birds, kiwis have nostrils near the tip of their long bills.","https://www.doc.govt.nz/nature/native-animals/birds/birds-a-z/kiwi/facts/"
"Set 2","Nature","What is the only venomous primate known to science?","Tarsier","Slow loris","Mandrill","Aye-aye","Slow loris","Slow lorises produce venom from a gland on the upper arm and deliver it through a bite.","https://nationalzoo.si.edu/animals/pygmy-slow-loris"
"Set 2","Science","At sea-level pressure, how hot can a lightning channel become?","About 3,000 C","About 10,000 C","About 30,000 C","About 100,000 C","About 30,000 C","A lightning channel can heat surrounding air to roughly 30,000 degrees Celsius.","https://www.weather.gov/safety/lightning-temperature"
"Set 2","Science","Which element was detected in the Sun before it was found on Earth?","Neon","Helium","Argon","Lithium","Helium","Helium was identified in the Sun's spectrum in 1868 before terrestrial helium was isolated.","https://science.nasa.gov/universe/stars/helium/"
"Set 2","Science","What is the smallest bone in the human body?","Incus","Stapes","Patella","Coccyx","Stapes","The stirrup-shaped stapes in the middle ear is the body's smallest bone.","https://www.nidcd.nih.gov/health/how-do-we-hear"
"Set 2","Science","What is absolute zero on the Celsius scale?","-100 C","-212.15 C","-273.15 C","-459.67 C","-273.15 C","Absolute zero is exactly 0 kelvin, equivalent to -273.15 degrees Celsius.","https://www.nist.gov/pml/owm/si-units-temperature"
"Set 2","Science","What is the temperature of water's triple point?","0 C","0.01 C","1 C","3.98 C","0.01 C","Pure water's solid, liquid, and vapor phases coexist at 0.01 degrees Celsius at the triple point.","https://www.bipm.org/en/measurement-units/si-defining-constants"
"Set 2","Science","Why can no ordinary sound be heard in a vacuum?","Sound becomes ultraviolet","Sound needs matter to carry vibrations","Vacuum absorbs every frequency","Sound travels too quickly","Sound needs matter to carry vibrations","Sound is a mechanical wave and needs particles in a medium to transmit its vibrations.","https://science.nasa.gov/universe/black-holes/sound-of-a-black-hole/"
"Set 2","Science","Roughly how much DNA do humans and chimpanzees share?","About 75 percent","About 88 percent","About 98.8 percent","Exactly 100 percent","About 98.8 percent","Comparisons of directly alignable DNA sequences put human-chimpanzee similarity at about 98.8 percent.","https://humanorigins.si.edu/evidence/genetics"
"Set 2","World","Which country has the world's only national flag not shaped as a quadrilateral?","Bhutan","Nepal","Switzerland","Vatican City","Nepal","Nepal's flag consists of two joined triangular pennants rather than a four-sided field.","https://www.britannica.com/topic/flag-of-Nepal"
"Set 2","World","Which sea has no land coastline?","Arabian Sea","Sargasso Sea","Coral Sea","Tasman Sea","Sargasso Sea","The Sargasso Sea is bounded by rotating Atlantic currents rather than by land.","https://oceanservice.noaa.gov/facts/sargassosea.html"
"Set 2","World","Which country has three official capital cities?","Bolivia","Sri Lanka","South Africa","Tanzania","South Africa","South Africa divides its executive, legislative, and judicial seats among Pretoria, Cape Town, and Bloemfontein.","https://www.gov.za/about-sa/south-africa-glance"
"Set 2","World","What is Bolivia's constitutional capital?","La Paz","Sucre","Santa Cruz","Cochabamba","Sucre","Sucre is Bolivia's constitutional capital, while La Paz is the seat of government.","https://www.britannica.com/place/Bolivia"
"Set 2","World","Which sovereign country is entirely above 1,000 meters in elevation?","Bhutan","Lesotho","Nepal","Andorra","Lesotho","Every part of Lesotho lies above 1,000 meters, giving it the world's highest lowest point.","https://www.britannica.com/place/Lesotho"
"Set 2","World","Which European country shares its longest land border with Brazil?","Portugal","Spain","France","Netherlands","France","French Guiana makes France's border with Brazil longer than any of France's European borders.","https://www.cia.gov/the-world-factbook/countries/france/"
"Set 2","World","Ecuador takes its name from which geographic feature?","The Andes","The equator","The Amazon","The Pacific Ocean","The equator","The country's Spanish name means equator, the line that crosses its territory.","https://www.britannica.com/place/Ecuador"
"Set 2","Books & games","How many letter tiles are in an English-language Scrabble set?","96","98","100","104","100","The standard English Scrabble distribution contains 100 tiles, including two blanks.","https://instructions.hasbro.com/en-us/instruction/scrabble-game"
"Set 2","Books & games","How many possible arrangements does a standard 3-by-3 Rubik's Cube have?","About 43 million","About 43 billion","About 43 trillion","About 43 quintillion","About 43 quintillion","A standard Rubik's Cube has 43,252,003,274,489,856,000 possible configurations.","https://www.rubiks.com/history"
"Set 2","Books & games","Green Eggs and Ham was written using how many different words?","25","50","100","225","50","Dr. Seuss wrote Green Eggs and Ham with a vocabulary of only 50 different words.","https://www.seussville.com/green-eggs-and-ham/"
"Set 2","Books & games","Who illustrated the original published edition of Alice's Adventures in Wonderland?","Arthur Rackham","John Tenniel","Edward Lear","Lewis Carroll","John Tenniel","John Tenniel supplied the 42 illustrations for the 1865 published edition.","https://www.bl.uk/collection-items/alices-adventures-in-wonderland-by-lewis-carroll"
"Set 2","Books & games","In standard Monopoly, what happens when a player rolls doubles three times in one turn?","They collect $200","They lose one property","They go directly to Jail","They roll a fourth time","They go directly to Jail","Three consecutive doubles in one turn send the player immediately to Jail.","https://instructions.hasbro.com/en-us/instruction/monopoly-game"
"Set 2","Books & games","Which chess piece may jump over other pieces?","Bishop","Knight","Rook","Queen","Knight","The knight is the only standard chess piece whose move can pass over intervening pieces.","https://handbook.fide.com/chapter/E012023"
"Set 2","Books & games","What shape is the original Pac-Man character based on?","A pizza missing a slice","A crescent moon","A yellow clock","A cheese wheel","A pizza missing a slice","Creator Toru Iwatani said the character's shape was inspired by a pizza with one slice removed.","https://www.museumofplay.org/games/pac-man/"
"Set 2","Everyday objects","Why do many ballpoint pen caps have a hole through the top?","To keep ink cool","To reduce choking risk","To stop ink leaking","To clip onto string","To reduce choking risk","The hole allows some airflow if the cap is accidentally swallowed and blocks the airway.","https://www.bicworld.com/en/about-us/our-heritage"
"Set 2","Everyday objects","What was the tiny fifth pocket on blue jeans originally designed to hold?","Coins","A pocket watch","Matches","A penknife","A pocket watch","Levi Strauss describes the small pocket as a watch pocket made for pocket watches.","https://www.levistrauss.com/2017/01/20/5-things-you-didnt-know-about-the-watch-pocket/"
"Set 2","Everyday objects","What was the first product scanned with a UPC barcode in a store?","Campbell's soup","Wrigley's gum","Coca-Cola","Tide detergent","Wrigley's gum","A pack of Wrigley's Juicy Fruit gum became the first retail item scanned by UPC in 1974.","https://americanhistory.si.edu/collections/object/nmah_1191369"
"Set 2","Everyday objects","Post-it Notes resulted from an attempt to invent what?","A permanent marker","A very strong adhesive","Carbonless paper","A waterproof label","A very strong adhesive","3M scientist Spencer Silver was trying to make a strong adhesive when he created a weak reusable one.","https://www.3m.com/3M/en_US/post-it/contact-us/about-us/"
"Set 2","Everyday objects","The raised bumps on the F and J keyboard keys identify what?","The widest letters","The home-row position","The oldest keys","The spell-check shortcut","The home-row position","The tactile marks let touch typists locate the home-row index-finger keys without looking.","https://www.microsoft.com/en-us/accessibility/keyboard-guide"
"Set 2","Everyday objects","What prevents microwaves from escaping through an oven door's viewing window?","Tinted glass","A grounded metal mesh","A vacuum layer","A magnetic film","A grounded metal mesh","The perforated metal screen blocks microwave wavelengths while its smaller holes pass visible light.","https://www.fda.gov/radiation-emitting-products/resources-you-radiation-emitting-products/microwave-oven-radiation"
"Set 2","Everyday objects","What kind of machine was the QWERTY keyboard layout developed for?","A telegraph","A typewriter","A player piano","A printing press","A typewriter","Christopher Latham Sholes developed QWERTY for his early practical typewriter.","https://americanhistory.si.edu/collections/object/nmah_850125"
"Set 2","Art & history","The Bayeux Tapestry is technically what kind of textile?","A woven tapestry","An embroidery","A printed linen","A knotted carpet","An embroidery","Its scenes are stitched in wool thread onto linen, making it an embroidery rather than a true tapestry.","https://www.bayeuxmuseum.com/en/the-bayeux-tapestry/discover-the-bayeux-tapestry/"
"Set 2","Art & history","George Washington's dentures were never made from which commonly claimed material?","Ivory","Human teeth","Metal","Wood","Wood","Washington's dentures used materials including ivory, metal, and human or animal teeth, but not wood.","https://www.mountvernon.org/george-washington/health/washingtons-teeth"
"Set 2","Art & history","Ancient Tyrian purple dye came mainly from what animals?","Beetles","Sea snails","Squid","Coral polyps","Sea snails","Mediterranean craftspeople extracted Tyrian purple from secretions of predatory murex sea snails.","https://www.metmuseum.org/toah/hd/typu/hd_typu.htm"
"Set 2","Art & history","What covered the Great Pyramid's rough core when it was new?","Painted brick","Smooth white limestone","Polished granite","Glazed blue tile","Smooth white limestone","Smooth white Tura limestone casing blocks originally covered the pyramid's core masonry.","https://www.britannica.com/topic/Pyramids-of-Giza"
"Set 2","Art & history","Where is the sling on Michelangelo's David?","Across his back and left hand","Around his waist","At his right ankle","Under his left foot","Across his back and left hand","David holds the sling over his left shoulder and down through his left hand.","https://www.galleriaaccademiafirenze.it/en/artworks/david-michelangelo/"
"Set 2","Art & history","How tall was Napoleon Bonaparte according to a French medical measurement at his death?","About 5 ft 2 in","About 5 ft 6 in","About 5 ft 10 in","About 6 ft 1 in","About 5 ft 6 in","Converting the old French measurement puts Napoleon near 5 feet 6 inches in modern British units.","https://www.britannica.com/story/was-napoleon-short"
"Set 2","Art & history","The Liberty Bell's visible crack grew beyond repair during what event?","The signing of the Declaration","A Washington birthday observance","The Civil War","The Centennial Exposition","A Washington birthday observance","The bell's final major crack widened while it rang for Washington's birthday in 1846.","https://www.nps.gov/inde/learn/historyculture/stories-libertybell.htm"
"Set 3","Media & music","What is the figure on an Academy Award statuette holding?","A scroll","A sword","A torch","A film reel","A sword","The statuette depicts a knight holding a crusader sword while standing on a film reel.","https://www.oscars.org/oscars/statuette"
"Set 3","Media & music","At the 1939 Academy Awards, how was Walt Disney honored for Snow White and the Seven Dwarfs?","With one full-size statuette","With one full-size and seven miniature statuettes","With seven full-size statuettes","With a painted plaque","With one full-size and seven miniature statuettes","Shirley Temple presented Disney with one standard Oscar accompanied by seven miniature statuettes.","https://www.oscars.org/oscars/ceremonies/1939"
"Set 3","Media & music","Which member of Queen wrote ""Another One Bites the Dust""?","Freddie Mercury","Brian May","Roger Taylor","John Deacon","John Deacon","Queen bassist John Deacon wrote the song and its famous bass line.","https://www.queenonline.com/news/on-this-day-another-one-bites-the-dust-released-in-the-usa"
"Set 3","Media & music","The THX cinema sound heard before films is officially called what?","Deep Note","Big Screen","Sound Wave","Silver Chord","Deep Note","THX calls its swelling audio trademark the Deep Note.","https://www.thx.com/deepnote/"
"Set 3","Media & music","Which instrument plays the opening solo in George Gershwin's ""Rhapsody in Blue""?","Trumpet","Clarinet","Violin","Saxophone","Clarinet","The work opens with a clarinet trill that climbs into a long glissando.","https://www.loc.gov/item/ihas.200156439/"
"Set 3","Media & music","What was Mickey Mouse's first spoken phrase in a cartoon?","Hot dogs!","Oh boy!","Gosh!","Hiya, folks!","Hot dogs!","Mickey first spoke in The Karnival Kid, where his first words were ""Hot dogs!""","https://d23.com/mickeys-hot-performance/"
"Set 3","Media & music","Which singer wrote the Dolly Parton hit ""I Will Always Love You""?","Whitney Houston","Linda Ronstadt","Dolly Parton","Emmylou Harris","Dolly Parton","Dolly Parton wrote and first recorded the song years before Whitney Houston's version.","https://www.loc.gov/static/programs/national-recording-preservation-board/documents/IWillAlwaysLoveYou.pdf"
"Set 3","Media & music","On Sesame Street, what is the Count's full title and name?","Count Dracula","Count von Count","Count Numberton","Count Sesame","Count von Count","The number-loving vampire Muppet is formally named Count von Count.","https://sesameworkshop.org/our-work/shows/sesame-street/sesame-street-characters/count-von-count/"
"Set 3","Media & music","Which film introduced the song ""When You Wish Upon a Star""?","Dumbo","Fantasia","Pinocchio","Bambi","Pinocchio","Jiminy Cricket sings the song at the beginning of Disney's Pinocchio.","https://www.loc.gov/static/programs/national-film-preservation-board/documents/pinocchio.pdf"
"Set 3","Sports & rules","How many strikes are rolled in a perfect ten-pin bowling game?","10","11","12","13","12","A 300 game needs strikes in all ten frames plus two bonus deliveries in the tenth.","https://bowl.com/welcome/understanding-bowling"
"Set 3","Sports & rules","May a chess king legally move onto a square attacked by an opponent?","Yes, if it captures","Yes, once per game","No","Only when castling","No","A king may not move onto an attacked square because that would leave it in check.","https://handbook.fide.com/chapter/E012023"
"Set 3","Sports & rules","How many points is a try worth in rugby union before any conversion?","Three","Four","Five","Six","Five","World Rugby awards five points for grounding the ball for a try.","https://www.world.rugby/the-game/laws/law/8"
"Set 3","Sports & rules","In baseball, a fly ball that strikes a foul pole is ruled what?","A foul ball","A ground-rule double","A home run","A dead-ball strike","A home run","The foul poles stand in fair territory, so a fair fly striking one above the fence is a home run.","https://www.mlb.com/glossary/rules/foul-pole"
"Set 3","Sports & rules","In boxing, where must the standing boxer wait during a knockdown count?","Their own corner","A neutral corner","The center logo","Behind the referee","A neutral corner","The boxer who scored the knockdown must go to the farthest neutral corner during the count.","https://assets.contentstack.io/v3/assets/blteb7d012fc7ebef7f/bltb62c274469ad6a21/6875895c011d632fd770658b/2025_USA_Boxing_Official_s_Manual_7.14.2025.pdf"
"Set 3","Sports & rules","In table tennis, what happens when an otherwise legal serve clips the net and lands correctly?","Server loses the point","Receiver loses the point","The serve is replayed","Play continues","The serve is replayed","That serve is a let, so no point is scored and the service is taken again.","https://documents.ittf.sport/sites/default/files/public/2025-02/2025_ITTF_Statutes_clean_version.pdf"
"Set 3","Sports & rules","After a touchdown in American football, how far is a successful kick worth?","One point","Two points","Three points","Six points","One point","The kick try after a touchdown scores one additional point.","https://operations.nfl.com/the-rules/nfl-rulebook/#rule11"
"Set 3","Sports & rules","In Formula 1, what does a black flag with an orange circle tell a driver?","Rain has begun","A faster car is behind","The car has a mechanical problem","The race is stopped","The car has a mechanical problem","The black-and-orange flag warns that a car has a mechanical problem likely to endanger others.","https://www.fia.com/sites/default/files/fia_international_sporting_code_2026.pdf"
"Set 3","Sports & rules","In basketball, how many personal fouls disqualify an NBA player?","Four","Five","Six","Seven","Six","An NBA player is disqualified after committing a sixth personal foul.","https://official.nba.com/rule-no-3-players-substitutes-and-coaches/"
"Set 3","Food & kitchen","Which part of a cinnamon tree becomes the familiar spice?","Inner bark","Flower petals","Root hairs","Fruit pulp","Inner bark","Cinnamon is prepared from the dried inner bark of trees in the genus Cinnamomum.","https://www.britannica.com/plant/cinnamon"
"Set 3","Food & kitchen","What gas traditionally creates the holes in Swiss cheese?","Oxygen","Nitrogen","Carbon dioxide","Hydrogen","Carbon dioxide","Bacteria release carbon dioxide during ripening, forming the holes known as eyes.","https://www.britannica.com/topic/Emmentaler"
"Set 3","Food & kitchen","Aquafaba, used as an egg-white substitute, is usually the cooking liquid from what?","Chickpeas","Potatoes","Oats","Almonds","Chickpeas","Aquafaba is the protein- and starch-containing liquid left from cooking chickpeas or found in a can of them.","https://www.britannica.com/topic/aquafaba"
"Set 3","Food & kitchen","Cloves are dried parts of a tree. Which parts?","Leaf tips","Flower buds","Seed coats","Root nodules","Flower buds","Cloves are the dried unopened flower buds of the clove tree.","https://www.britannica.com/plant/clove"
"Set 3","Food & kitchen","Which cocoa component is absent from standard white chocolate?","Cocoa butter","Milk solids","Sugar","Cocoa solids","Cocoa solids","White chocolate uses cocoa butter but contains no nonfat cocoa solids.","https://www.ecfr.gov/current/title-21/chapter-I/subchapter-B/part-163/subpart-B/section-163.124"
"Set 3","Food & kitchen","Brazil nuts develop inside what kind of structure?","A large woody fruit","An underground pod","A flower bulb","A hollow stem","A large woody fruit","A Brazil-nut tree produces a hard, woody fruit that holds numerous seeds arranged inside.","https://www.britannica.com/plant/Brazil-nut"
"Set 3","Food & kitchen","Tahini is a paste made chiefly from which seeds?","Poppy","Sesame","Sunflower","Fennel","Sesame","Tahini is made by grinding sesame seeds into a smooth paste.","https://www.britannica.com/topic/tahini"
"Set 3","Food & kitchen","Which part of broccoli do people mainly eat?","Unopened flower buds and stems","Roots and bulbs","Fruit and seeds","Leaf stalks only","Unopened flower buds and stems","A broccoli head is a cluster of immature flower buds carried on branching stems.","https://www.britannica.com/plant/broccoli"
"Set 3","Food & kitchen","Why are some traditional pretzels dipped in lye before baking?","To make them rise","To create their dark crust","To sweeten the dough","To keep salt attached","To create their dark crust","The alkaline bath accelerates browning and creates the pretzel's distinctive crust and flavor.","https://www.acs.org/education/chemmatters/past-issues/archive-2017-2018/pretzels.html"
"Set 3","Animals & science","A cat uses its whiskers mainly as what kind of tool?","A heat sensor","A touch sensor","A scent gland","A balance organ","A touch sensor","Whiskers are specialized touch hairs that help cats sense nearby objects and air movement.","https://www.loc.gov/everyday-mysteries/zoology/item/why-do-cats-have-whiskers/"
"Set 3","Animals & science","A shark's skeleton is made mostly from what?","Hollow bone","Keratin","Cartilage","Calcium shell","Cartilage","Sharks and other elasmobranchs have skeletons made of cartilage rather than bone.","https://oceanservice.noaa.gov/facts/sharkseat.html"
"Set 3","Animals & science","What shape are a goat's pupils in ordinary light?","Round","Vertical slits","Horizontal rectangles","Star-shaped","Horizontal rectangles","Goats have horizontally elongated pupils that provide a broad view of their surroundings.","https://news.berkeley.edu/2015/08/07/pupil-shape-and-ecological-niche/"
"Set 3","Animals & science","How does a frog take in most of the water it needs?","By drinking through its mouth","Through its skin","From food only","Through its nostrils","Through its skin","Frogs absorb water through a specialized patch of skin instead of drinking it normally.","https://nationalzoo.si.edu/animals/news/how-frogs-drink-water"
"Set 3","Animals & science","Where does a sea otter often store food while diving?","In a cheek pouch","Under an armpit","Inside its tail","Between its teeth","Under an armpit","Loose skin under each forearm forms a pocket where a sea otter can hold prey or a rock.","https://www.montereybayaquarium.org/animals/animals-a-to-z/sea-otter"
"Set 3","Animals & science","Which bird can sustain backward flight?","Kingfisher","Hummingbird","Swift","Kestrel","Hummingbird","A hummingbird can reverse the angle of its wings to fly backward as well as hover.","https://nationalzoo.si.edu/migratory-birds/hummingbirds"
"Set 3","Animals & science","Ants exchange oxygen without having which organs?","Hearts","Lungs","Kidneys","Stomachs","Lungs","Ants have no lungs; air moves through tiny openings into a network of tracheal tubes.","https://askabiologist.asu.edu/how-insects-breathe"
"Set 3","Animals & science","What type of blood vessel carries blood away from the heart?","Vein","Capillary","Artery","Venule","Artery","Arteries carry blood away from the heart, regardless of its oxygen content.","https://www.nhlbi.nih.gov/health/heart/blood-flow"
"Set 3","Animals & science","Which clear part of the eye has no blood vessels and gets oxygen mainly from tears and air?","Retina","Cornea","Iris","Optic nerve","Cornea","The transparent cornea has no blood vessels; it receives oxygen from the air through the tear film.","https://www.nei.nih.gov/learn-about-eye-health/eye-anatomy/cornea"
"Set 3","Geography & history","Which tree appears at the center of Lebanon's national flag?","Olive","Cedar","Cypress","Palm","Cedar","Lebanon's flag places a green cedar tree between two red horizontal bands.","https://www.britannica.com/topic/flag-of-Lebanon"
"Set 3","Geography & history","Which city sits on both the European and Asian sides of the Bosporus?","Athens","Istanbul","Cairo","Tbilisi","Istanbul","The Bosporus divides Istanbul between a European shore and an Asian shore.","https://www.britannica.com/place/Istanbul"
"Set 3","Geography & history","Which national flag includes an open Bible in its coat of arms?","Dominican Republic","Portugal","Mexico","Ecuador","Dominican Republic","The Dominican Republic's coat of arms, centered on its flag, includes an open Bible.","https://www.britannica.com/topic/flag-of-the-Dominican-Republic"
"Set 3","Geography & history","Which present-day country contains the ancient city of Petra?","Jordan","Egypt","Greece","Lebanon","Jordan","The Nabataean rock-cut city of Petra lies in southern Jordan.","https://whc.unesco.org/en/list/326/"
"Set 3","Geography & history","What was the main purpose of the Inca road system?","Chariot racing","Imperial communication and transport","Marking farm boundaries","Channeling floodwater","Imperial communication and transport","The Qhapaq Nan connected Inca territories for communication, trade, defense, and administration.","https://whc.unesco.org/en/list/1459/"
"Set 3","Geography & history","Why does the Eiffel Tower become slightly taller in hot weather?","Its elevators lift it","Its iron expands","Wind straightens it","Its foundations swell","Its iron expands","Thermal expansion makes the iron structure grow by a few millimeters in summer heat.","https://www.toureiffel.paris/en/news/history-and-culture/why-does-eiffel-tower-change-size"
"Set 3","Geography & history","Which U.S. state is both the westernmost and easternmost by longitude?","Hawaii","Florida","Alaska","Maine","Alaska","Alaska's Aleutian Islands cross the 180th meridian, placing the state in both east and west longitudes.","https://www.usgs.gov/faqs/what-are-farthest-points-united-states"
"Set 3","Geography & history","The ancient city of Timbuktu is in which modern country?","Morocco","Mali","Niger","Sudan","Mali","Timbuktu stands near the Niger River in the West African country of Mali.","https://whc.unesco.org/en/list/119/"
"Set 3","Geography & history","The Rosetta Stone repeats one decree in how many writing systems?","Two","Three","Four","Five","Three","The decree appears in hieroglyphic, Demotic, and ancient Greek scripts.","https://www.britishmuseum.org/collection/object/Y_EA24"
"Set 3","Books & games","In Monopoly, may a player collect rent while in Jail?","No, never","Yes, normally","Only after doubles","Only from railroads","Yes, normally","The official rules allow a jailed player to buy and sell property, build, and collect rent.","https://www.hasbro.com/common/instruct/00009.pdf"
"Set 3","Books & games","How many points is a blank tile worth in Scrabble?","Zero","One","Five","Ten","Zero","A blank may represent any letter but carries no point value.","https://service.mattel.com/instruction_sheets/53639.pdf"
"Set 3","Books & games","In standard chess, can a pawn promote to a second queen?","No","Only after check","Yes","Only if the first queen was captured","Yes","Promotion is not limited by pieces already on the board, so multiple queens are legal.","https://www.fide.com/FIDE/handbook/LawsOfChess.pdf"
"Set 3","Books & games","Where are the original stuffed toys that inspired Winnie-the-Pooh displayed?","The British Library","The New York Public Library","The Victoria and Albert Museum","The Library of Congress","The New York Public Library","Christopher Robin Milne's original Pooh, Tigger, Eeyore, Piglet, and Kanga toys are held by the New York Public Library.","https://www.nypl.org/events/exhibitions/galleries/beginnings/item/3561"
"Set 3","Books & games","What was Mario called in his first appearance in Donkey Kong?","Mr. Video","Jumpman","Carpenter Joe","Red Cap","Jumpman","The arcade character later known as Mario was originally identified as Jumpman.","https://www.nintendo.com/us/whatsnew/ask-the-developer-vol-11-super-mario-bros-wonder-part-1/"
"Set 3","Books & games","Every standard Tetris piece is built from how many equal squares?","Three","Four","Five","Six","Four","The name tetromino describes each shape made from four edge-connected squares.","https://tetris.com/about"
"Set 3","Books & games","In UNO, when may you legally play a Wild Draw Four card?","At any time","Only when you have no card matching the current color","Only as your last card","Only after another wild card","Only when you have no card matching the current color","The rules permit Wild Draw Four only when the player holds no card matching the current color.","https://service.mattel.com/instruction_sheets/42001pr.pdf"
"Set 3","Books & games","What object carries the inscription ""One Ring to rule them all"" in Tolkien's story?","A sword blade","A gold ring","A stone door","A silver crown","A gold ring","The fiery inscription appears on the One Ring when it is heated.","https://www.tolkienestate.com/writing/the-lord-of-the-rings/"
"Set 3","Books & games","In the original Pac-Man arcade game, what restores one of the ghosts to normal after it is eaten?","Its eyes returning to the ghost house","A new maze starting","Pac-Man eating fruit","The power pellet wearing off","Its eyes returning to the ghost house","An eaten ghost's eyes travel back to the central ghost house, where the ghost regenerates.","https://www.arcade-museum.com/manuals-videogames/P/Pac-Man.pdf"
"Set 3","Everyday objects & art","What is the small sheath at the end of a shoelace called?","A grommet","An aglet","A toggle","A welt","An aglet","An aglet is the sheath that binds a shoelace end and helps it pass through eyelets.","https://www.merriam-webster.com/dictionary/aglet"
"Set 3","Everyday objects & art","QR codes were first developed to track parts in which industry?","Automotive manufacturing","Book publishing","Air travel","Banking","Automotive manufacturing","DENSO WAVE developed the QR Code in 1994 to improve component tracking in automobile manufacturing.","https://www.qrcode.com/en/history/"
"Set 3","Everyday objects & art","In the original toilet-paper roll patent drawing, which way does the loose end hang?","Over the top","Under the roll","Straight sideways","The drawing shows no holder","Over the top","Seth Wheeler's 1891 patent drawing shows the perforated paper feeding over the top of the roll.","https://patents.google.com/patent/US465588A/en"
"Set 3","Everyday objects & art","Which came first: the metal food can or the can opener?","The can opener","They debuted together","The can","Their order is unknown","The can","Canned food appeared decades before dedicated openers; early cans were opened with tools such as hammers and chisels.","https://www.smithsonianmag.com/innovation/brief-history-can-opener-180975409/"
"Set 3","Everyday objects & art","What is the metal band that holds a pencil's eraser called?","Ferrule","Nib","Tang","Bezel","Ferrule","The crimped metal sleeve joining an eraser to a pencil is called a ferrule.","https://www.merriam-webster.com/dictionary/ferrule"
"Set 3","Everyday objects & art","In Grant Wood's American Gothic, what relationship did he imagine between the two figures?","Husband and wife","Brother and sister","Father and daughter","Employer and servant","Father and daughter","Wood described the stern pair as a farmer and his adult daughter, not a married couple.","https://www.artic.edu/artworks/6565/american-gothic"
"Set 3","Everyday objects & art","Rodin originally designed The Thinker as part of which larger work?","The Gates of Hell","The Burghers of Calais","The Kiss","The Age of Bronze","The Gates of Hell","The seated poet first appeared above the doorway in Rodin's monumental Gates of Hell.","https://www.musee-rodin.fr/en/musee/collections/oeuvres/thinker"
"Set 3","Everyday objects & art","How many canvases make up Andy Warhol's Campbell's Soup Cans?","12","24","32","50","32","Warhol painted 32 separate canvases, one for each soup variety Campbell sold at the time.","https://www.moma.org/collection/works/79809"
"Set 3","Everyday objects & art","In Edvard Munch's account behind The Scream, where did the scream come from?","The figure","A nearby ship","Nature","The city below","Nature","Munch wrote that he sensed an infinite scream passing through nature while walking at sunset.","https://www.nasjonalmuseet.no/en/collection/object/NG.M.00939"
"Set 3","Everyday objects & art","What does the zipper-maker name YKK abbreviate?","Yoshida Kogyo Kabushikikaisha","Yokohama Key and Kit","Yield Keeping Knot","Yamato Kinetic Kogyo","Yoshida Kogyo Kabushikikaisha","YKK comes from the former company name Yoshida Kogyo Kabushikikaisha.","https://www.ykk.com/english/corporate/g_outline.html"
"Set 4","Screen & sound","Which film was the first animated feature nominated for the Academy Award for Best Picture?","Snow White and the Seven Dwarfs","Beauty and the Beast","Toy Story","The Lion King","Beauty and the Beast","Beauty and the Beast received a Best Picture nomination for the 1991 film year.","https://www.oscars.org/oscars/ceremonies/1992"
"Set 4","Screen & sound","What everyday object does Doctor Who's TARDIS resemble from the outside?","Telephone booth","Police box","Garden shed","Railway signal box","Police box","Its faulty chameleon circuit leaves it disguised as a blue British police box.","https://www.bbc.co.uk/programmes/profiles/1RmrT6x1C8WQCc5B0Hq3ZVf/the-tardis"
"Set 4","Screen & sound","Which feature film is credited with popularizing synchronized spoken dialogue?","Metropolis","The Jazz Singer","City Lights","Nosferatu","The Jazz Singer","The Jazz Singer, released in 1927, became the first feature-length motion picture with synchronized dialogue sequences.","https://www.britannica.com/topic/The-Jazz-Singer-film-1927"
"Set 4","Screen & sound","At which televised event did Michael Jackson first perform his famous moonwalk?","Live Aid","Motown 25","The Grammy Awards","Super Bowl XXVII","Motown 25","Jackson unveiled the move during Billie Jean on the Motown 25 television special.","https://www.britannica.com/biography/Michael-Jackson"
"Set 4","Screen & sound","Who supplied the distinctive speaking voice of E.T. in E.T. the Extra-Terrestrial?","Pat Welsh","Debra Winger","Kathleen Turner","Penny Marshall","Pat Welsh","Pat Welsh provided E.T.'s principal speaking voice, with other sounds blended into the final track.","https://catalog.afi.com/Catalog/moviedetails/56772"
"Set 4","Screen & sound","What text is absent from the front cover of the Beatles album Abbey Road?","The album title and band name","The record label","The track list","The photographer's credit","The album title and band name","The iconic cover shows the four Beatles crossing Abbey Road without printing the band name or album title on the front.","https://www.thebeatles.com/abbey-road"
"Set 4","Screen & sound","In The Matrix, which pill does Neo take to learn the truth?","Blue","Green","Red","White","Red","Neo chooses the red pill and wakes from the simulated world.","https://www.britannica.com/topic/The-Matrix"
"Set 4","Screen & sound","Which television comedy follows the employees of the fictional Dunder Mifflin paper company?","Parks and Recreation","30 Rock","The Office","Community","The Office","The US version of The Office centers on Dunder Mifflin's Scranton branch.","https://www.britannica.com/topic/The-Office-American-television-program"
"Set 4","Sports","In soccer, can a player be penalized for offside directly from a goal kick?","Yes, always","Only in the penalty area","Only after halftime","No","No","The offside law specifically exempts players receiving the ball directly from a goal kick.","https://www.theifab.com/laws/latest/offside/"
"Set 4","Sports","In baseball, what happens when a batter bunts a foul ball with two strikes?","It is ignored","The batter is out","The count stays the same","The batter gets another strike","The batter is out","Unlike an ordinary foul with two strikes, a foul bunt counts as strike three.","https://www.mlb.com/official-information/official-rules"
"Set 4","Sports","How many points are needed to win the deciding fifth set in indoor volleyball, barring deuce?","11","15","21","25","15","The deciding fifth set is played to 15 points, with a two-point winning margin.","https://www.fivb.com/volleyball/the-game/official-volleyball-rules/"
"Set 4","Sports","Which restriction applies when castling in chess?","The rook must be threatened","The king may not cross an attacked square","The queen must still be on the board","The king must begin in check","The king may not cross an attacked square","A king cannot castle out of, through, or into check.","https://handbook.fide.com/chapter/E012023"
"Set 4","Sports","In Olympic freestyle swimming, which stroke must competitors use?","Front crawl only","Butterfly only","Any stroke","Breaststroke only","Any stroke","Freestyle permits any stroke, though competitors almost always choose the fastest front crawl.","https://www.worldaquatics.com/rules/competition-regulations"
"Set 4","Sports","How high is a tennis net at its center?","2 feet 6 inches","3 feet","3 feet 6 inches","4 feet","3 feet","The net is held down to 3 feet at the center, lower than its 3-foot-6-inch posts.","https://www.itftennis.com/media/7221/2026-rules-of-tennis-english.pdf"
"Set 4","Sports","How many goals by one player make a hat trick in ice hockey?","Two","Three","Four","Five","Three","A player records a hat trick by scoring three goals in one game.","https://www.nhl.com/info/hockey-glossary"
"Set 4","Sports","Must a baseball player who hits a home run still touch every base?","No, the ball is already dead","Only in extra innings","Yes","Only if a runner was on base","Yes","The batter-runner must legally touch each base even after sending the ball out of play.","https://www.mlb.com/official-information/official-rules"
"Set 4","Food & kitchen","A coffee ""bean"" is botanically what part of the coffee fruit?","A seed","A root","A leaf bud","A shell","A seed","The so-called coffee bean is a seed found inside the coffee plant's fruit.","https://www.britannica.com/plant/coffee-plant-genus"
"Set 4","Food & kitchen","Gelatin is produced by processing which animal protein?","Keratin","Collagen","Hemoglobin","Casein","Collagen","Gelatin forms when collagen from animal skin, bone, and connective tissue is processed and partially broken down.","https://www.britannica.com/science/gelatin"
"Set 4","Food & kitchen","Traditional couscous granules are made chiefly from what?","Semolina wheat","Ground chickpeas","Rice flour","Pearl barley","Semolina wheat","Couscous is traditionally made from moistened semolina rolled into tiny granules.","https://www.britannica.com/topic/couscous"
"Set 4","Food & kitchen","Paprika is made by drying and grinding which plant part?","Pepper fruits","Crocus stigmas","Mustard seeds","Ginger roots","Pepper fruits","Paprika is a powder made from dried fruits of Capsicum annuum peppers.","https://www.britannica.com/topic/paprika"
"Set 4","Food & kitchen","Which part of the rhubarb plant is normally eaten?","Leaf stalks","Roots","Flowers","Leaf blades","Leaf stalks","Rhubarb is grown for its thick edible leaf stalks; its leaf blades contain high levels of oxalic acid.","https://www.britannica.com/plant/rhubarb"
"Set 4","Food & kitchen","Compared with white chicken eggs, brown chicken eggs are generally what?","More nutritious","Lower in cholesterol","Nutritionally similar","Naturally pasteurized","Nutritionally similar","Shell color mostly reflects the hen's breed and does not make an egg more nutritious.","https://www.fsis.usda.gov/food-safety/safe-food-handling-and-preparation/eggs/egg-products-and-food-safety"
"Set 4","Food & kitchen","What makes bread turn brown during toasting?","Fermentation","The Maillard reaction","Freezing-point depression","Carbonation","The Maillard reaction","Heat drives reactions between amino acids and sugars that create brown color and toasted flavors.","https://www.britannica.com/science/Maillard-reaction"
"Set 4","Food & kitchen","What is the main ingredient in traditional Japanese miso?","Fermented soybeans","Dried seaweed","Rice vinegar","Bonito flakes","Fermented soybeans","Miso is a fermented paste usually based on soybeans, salt, and koji.","https://www.britannica.com/topic/miso"
"Set 4","Nature & science","Which appeared on Earth first: sharks or trees?","Trees","Sharks","They appeared together","Scientists cannot tell","Sharks","Shark ancestors predate the earliest known trees by tens of millions of years.","https://ocean.si.edu/ocean-life/sharks-rays/shark-evolution"
"Set 4","Nature & science","Botanically, which fruit is a berry?","Strawberry","Raspberry","Banana","Cherry","Banana","Bananas develop from one ovary and meet the botanical definition of a berry.","https://www.britannica.com/science/berry-plant-reproductive-body"
"Set 4","Nature & science","What is the largest living species of fish?","Great white shark","Whale shark","Ocean sunfish","Manta ray","Whale shark","The whale shark is the largest living fish species.","https://www.britannica.com/animal/whale-shark"
"Set 4","Nature & science","What color is oxygen-poor human blood inside veins?","Blue","Green","Dark red","Colorless","Dark red","Human blood remains red; veins look blue because skin and tissue alter reflected light.","https://www.loc.gov/everyday-mysteries/biology-and-human-anatomy/item/why-do-veins-look-blue/"
"Set 4","Nature & science","How many legs does an adult dragonfly have?","Four","Six","Eight","Ten","Six","Dragonflies are insects and have six legs, although they use them mainly for perching and catching prey.","https://www.britannica.com/animal/dragonfly"
"Set 4","Nature & science","Sound usually travels faster through which medium?","Air","Water","A vacuum","It travels equally fast in all media","Water","Particles transmit vibrations more quickly in water than in air; sound cannot cross a vacuum.","https://oceanservice.noaa.gov/facts/sound.html"
"Set 4","Nature & science","What is Earth's largest desert?","Sahara","Gobi","Arabian","Antarctic","Antarctic","Deserts are defined by low precipitation, making Antarctica the largest.","https://www.britannica.com/science/desert"
"Set 4","Nature & science","Why does the Moon show nearly the same face to Earth?","It does not rotate","Its rotation period matches its orbit","Earth blocks its far side","Its far side is heavier","Its rotation period matches its orbit","The Moon rotates once in the same time it takes to orbit Earth, a state called synchronous rotation.","https://www.britannica.com/place/Moon"
"Set 4","World & history","The shortest recorded war, fought in 1896, involved Britain and which place?","Zanzibar","Cyprus","Iceland","Malta","Zanzibar","The Anglo-Zanzibar War ended after less than an hour of fighting.","https://www.britannica.com/event/Anglo-Zanzibar-War"
"Set 4","World & history","Why was Canberra selected as Australia's federal capital?","It was the largest city","It was a compromise between Sydney and Melbourne","It had the only deep-water port","It was the first British settlement","It was a compromise between Sydney and Melbourne","Canberra was chosen as a compromise location after rivalry between Sydney and Melbourne.","https://www.britannica.com/place/Canberra"
"Set 4","World & history","What do the Panama Canal's locks do to ships?","Tow them by cable across the ocean","Raise and lower them between water levels","Rotate them to face west","Unload their cargo","Raise and lower them between water levels","Lock chambers lift ships up to Gatun Lake and lower them again toward the opposite ocean.","https://www.britannica.com/topic/Panama-Canal"
"Set 4","World & history","Which country has no permanent natural rivers?","Vietnam","Saudi Arabia","Poland","Argentina","Saudi Arabia","Saudi Arabia has seasonal wadis but no permanent rivers.","https://www.britannica.com/place/Saudi-Arabia/Drainage"
"Set 4","World & history","Which statement about the Great Wall of China is accurate?","It is plainly visible from the Moon","It is one continuous wall","It consists of many sections built over centuries","It was entirely built by one emperor","It consists of many sections built over centuries","Many dynasties built separate walls and fortifications; naked-eye visibility from the Moon is a myth.","https://whc.unesco.org/en/list/438/"
"Set 4","World & history","Which ancient ruler lived closer in time to the Moon landing than to the building of the Great Pyramid?","Cleopatra VII","Hammurabi","Sargon of Akkad","Khufu","Cleopatra VII","Cleopatra died in 30 BCE, over two millennia after the Great Pyramid was built.","https://www.britannica.com/biography/Cleopatra-queen-of-Egypt"
"Set 4","World & history","Which country is completely surrounded by South Africa?","Eswatini","Lesotho","Botswana","Namibia","Lesotho","Lesotho is an enclave whose entire boundary meets South Africa.","https://www.britannica.com/place/Lesotho"
"Set 4","World & history","Which sovereign state is the world's smallest by area?","Monaco","Vatican City","San Marino","Liechtenstein","Vatican City","Vatican City occupies about 44 hectares and is the world's smallest independent state.","https://www.britannica.com/place/Vatican-City"
"Set 4","Books & games","What name does Mary Shelley give Frankenstein's creature in the novel?","Adam","Victor","Prometheus","No personal name","No personal name","The novel never gives the creature a personal name; Frankenstein is his creator.","https://www.bl.uk/romantics-and-victorians/articles/an-introduction-to-frankenstein"
"Set 4","Books & games","What was Nintendo's original product when the company began in 1889?","Arcade cabinets","Playing cards","Toy robots","Mechanical puzzles","Playing cards","Nintendo began in Kyoto making handmade hanafuda playing cards.","https://www.nintendo.co.jp/corporate/en/history/index.html"
"Set 4","Books & games","In Clue, which rooms are connected by secret passages?","The four corner rooms","The center rooms","Every room with a door","Only the Kitchen and Hall","The four corner rooms","The four corner rooms form two secret-passage pairs that let a player cross the board.","https://instructions.hasbro.com/en-us/instruction/clue-game"
"Set 4","Books & games","Which phrase does Sherlock Holmes never say exactly in Arthur Conan Doyle's original stories?","The game is afoot","You know my methods","Elementary, my dear Watson","Data! Data! Data!","Elementary, my dear Watson","Holmes says similar words separately, but the famous full phrase came from later adaptations.","https://www.smithsonianmag.com/arts-culture/the-case-of-the-misquoted-sherlock-holmes-180949346/"
"Set 4","Books & games","Which board game evolved from The Landlord's Game, designed to criticize monopolies?","Risk","Monopoly","Clue","The Game of Life","Monopoly","Elizabeth Magie patented The Landlord's Game decades before Monopoly became a commercial hit.","https://americanhistory.si.edu/collections/object-groups/monopoly"
"Set 4","Books & games","What is the highest possible score for a single dart in standard darts?","50","60","75","100","60","The treble 20 scores 60, which is higher than the 50-point inner bull.","https://www.pdc.tv/news/2019/05/22/darts-rules"
"Set 4","Books & games","In Bram Stoker's Dracula, can Count Dracula move about during daylight?","No, sunlight destroys him instantly","Yes, but his powers are reduced","Only while disguised as a wolf","Only on Sundays","Yes, but his powers are reduced","Stoker's Dracula can appear by day, although daylight limits his supernatural abilities.","https://www.gutenberg.org/files/345/345-h/345-h.htm"
"Set 4","Books & games","In which work did Peter Pan first appear?","Peter and Wendy","The Little White Bird","Peter Pan in Kensington Gardens","The Neverending Story","The Little White Bird","J. M. Barrie introduced Peter Pan in the 1902 adult novel The Little White Bird.","https://www.britannica.com/topic/Peter-Pan-play-by-Barrie"
"Set 4","Inventions & objects","The first webcam was aimed at what object?","A coffee pot","A laboratory door","A weather vane","A printer tray","A coffee pot","Cambridge researchers pointed an early network camera at the Trojan Room coffee pot so colleagues could check whether coffee remained.","https://www.cl.cam.ac.uk/coffee/qsf/coffee.html"
"Set 4","Inventions & objects","Bluetooth wireless technology was named after which historical ruler?","Harald Bluetooth","William the Conqueror","Charlemagne","Cnut the Great","Harald Bluetooth","Bluetooth was named for Harald Bluetooth, a Danish king associated with uniting Denmark and Norway.","https://www.bluetooth.com/about-us/bluetooth-origin/"
"Set 4","Inventions & objects","What accidental observation helped Percy Spencer develop the microwave oven?","A candy bar melted in his pocket","Water froze beside a radar tube","A spoon began to vibrate","Bread rose without yeast","A candy bar melted in his pocket","A candy bar melted while Spencer worked near an active magnetron, prompting experiments with food.","https://www.invent.org/inductees/percy-l-spencer"
"Set 4","Inventions & objects","What does the distress signal SOS officially stand for?","Save Our Ship","Save Our Souls","Send Out Succor","Nothing; it is not an abbreviation","Nothing; it is not an abbreviation","SOS was selected as a simple, distinctive Morse signal and was not created as an abbreviation.","https://www.britannica.com/topic/SOS"
"Set 4","Inventions & objects","What does the name LEGO come from?","The founder's initials","Latin for building block","Danish words meaning play well","A town in Denmark","Danish words meaning play well","Ole Kirk Kristiansen formed LEGO from the Danish phrase leg godt, meaning play well.","https://www.lego.com/en-us/history/articles/b-the-lego-name"
"Set 4","Inventions & objects","Which came first?","The friction match","A practical lighter","They appeared in the same year","The electric stove","A practical lighter","Dobereiner's hydrogen lighter appeared in 1823, before John Walker's friction matches in 1826.","https://www.britannica.com/technology/match-tinder"
"Set 4","Inventions & objects","A modern ""tin can"" is usually made mainly from what?","Pure tin","Tin-plated steel","Aluminum foil","Zinc-coated copper","Tin-plated steel","Traditional food cans use steel sheet with a thin protective coating of tin.","https://www.britannica.com/technology/tinplate"
"Set 4","Inventions & objects","What does CAPTCHA stand for?","Computerized Access Test for Public Human Authentication","Completely Automated Public Turing test to tell Computers and Humans Apart","Central Authentication Protocol for Trusted Accounts","Computer Analysis Program That Checks Human Answers","Completely Automated Public Turing test to tell Computers and Humans Apart","CAPTCHA expands to Completely Automated Public Turing test to tell Computers and Humans Apart.","https://www.britannica.com/technology/CAPTCHA"
"Set 4","Culture & curiosities","Which color was produced by the first widely used synthetic dye?","Mauve","Navy blue","Lime green","Scarlet","Mauve","William Perkin accidentally discovered the purple dye mauveine in 1856.","https://www.sciencehistory.org/education/scientific-biographies/william-henry-perkin/"
"Set 4","Culture & curiosities","What was the Louvre before it became a museum?","A university","A fortress and palace","A railway station","A cathedral","A fortress and palace","The site began as a medieval fortress and later became a royal palace.","https://www.louvre.fr/en/explore/the-palace/from-the-palace-to-the-museum"
"Set 4","Culture & curiosities","Which common symbol was once called the octothorpe by telephone engineers?","Ampersand (&)","At sign (@)","Hash sign (#)","Asterisk (*)","Hash sign (#)","Bell Labs staff used octothorpe as a name for the # key on touch-tone telephones.","https://www.merriam-webster.com/dictionary/octothorpe"
"Set 4","Culture & curiosities","The word ""robot"" entered popular use through a play written in which language?","French","Czech","Russian","German","Czech","Karel Capek's Czech play R.U.R. popularized robot from a word related to forced labor.","https://www.britannica.com/topic/RUR"
"Set 4","Culture & curiosities","Which number does a standard roulette wheel contain that is neither red nor black?","One","Zero","Ten","Thirty-six","Zero","Zero is green; American wheels also include a green double zero.","https://www.britannica.com/topic/roulette-gambling-game"
"Set 4","Culture & curiosities","Why did ancient Greek and Roman statues often appear white to later viewers?","Artists avoided pigments","Their paint faded or wore away","White signified royalty","Museums bleached them","Their paint faded or wore away","Many classical sculptures were brightly painted, but most surface pigment disappeared over time.","https://www.metmuseum.org/toah/hd/prms/hd_prms.htm"
"Set 4","Culture & curiosities","What did the earliest known vending machine dispense?","Bread","Holy water","Wine","Postage stamps","Holy water","Hero of Alexandria described a coin-operated device that dispensed a measured amount of holy water.","https://www.britannica.com/technology/vending-machine"
"Set 4","Culture & curiosities","What is the dot above a lowercase i or j called?","Tittle","Cedilla","Serif","Tilde","Tittle","The small distinguishing mark above i and j is called a tittle.","https://www.merriam-webster.com/dictionary/tittle"
"Set 5","Screen & sound","The cascading green code in The Matrix was adapted from recipes for what?","Sushi","Noodle soup","Green tea","Rice cakes","Sushi","Designer Simon Whiteley scanned characters from his wife's Japanese sushi cookbooks.","https://www.cnet.com/culture/entertainment/the-matrix-code-came-from-sushi-recipes/"
"Set 5","Screen & sound","In 2001: A Space Odyssey, what is the name of the spacecraft's computer?","SAL 9000","HAL 9000","MOTHER","Deep Thought","HAL 9000","HAL 9000 controls the Discovery One and becomes the film's central antagonist.","https://www.bfi.org.uk/film/cefccdb2-b558-5623-9c17-72b4be7bd4c1/2001-a-space-odyssey"
"Set 5","Screen & sound","Which often-quoted line is never said exactly that way in Casablanca?","Here's looking at you, kid","Round up the usual suspects","Play it again, Sam","We'll always have Paris","Play it again, Sam","Ilsa says ""Play it, Sam,"" while Rick says ""Play it""; nobody says ""Play it again, Sam.""","https://www.afi.com/afis-100-years-100-movie-quotes/"
"Set 5","Screen & sound","What is the name of Ripley's orange cat in Alien?","Jones","Parker","Ash","Dallas","Jones","Jones, often called Jonesy, survives the Nostromo disaster with Ripley.","https://www.bfi.org.uk/features/alien-40-ridley-scott"
"Set 5","Screen & sound","Which animation method gives a-ha's ""Take On Me"" video its pencilled movement?","Claymation","Rotoscoping","Cutout animation","Motion capture","Rotoscoping","Artists traced filmed live-action frames to create the video's shifting pencil-drawn world.","https://www.loc.gov/static/programs/national-film-preservation-board/documents/take-on-me.pdf"
"Set 5","Screen & sound","What song wakes Phil each morning in Groundhog Day?","Monday, Monday","I Got You Babe","Wake Up Little Susie","Then He Kissed Me","I Got You Babe","The clock radio repeatedly plays Sonny and Cher's ""I Got You Babe"" at 6:00 a.m.","https://catalog.afi.com/Catalog/moviedetails/59532"
"Set 5","Screen & sound","The gangster movie watched by Kevin in Home Alone is what?","A deleted 1930s film","A real James Cagney film","Footage made for Home Alone","A dubbed Italian film","Footage made for Home Alone","Angels with Filthy Souls was a black-and-white scene created specially for Home Alone.","https://www.vanityfair.com/hollywood/2015/11/home-alone-gangster-movie"
"Set 5","Screen & sound","Which Beatles album was recorded last, although it was not released last?","Let It Be","Abbey Road","The White Album","Yellow Submarine","Abbey Road","Abbey Road was the final album the four Beatles recorded together; Let It Be reached shops later.","https://www.thebeatles.com/abbey-road"
"Set 5","Screen & sound","Which Ghostbusters villain begins as a smiling advertising mascot?","Slimer","Gozer","Stay Puft Marshmallow Man","Vigo","Stay Puft Marshmallow Man","Ray accidentally chooses the familiar Stay Puft mascot as the form of the destructor.","https://catalog.afi.com/Catalog/moviedetails/57104"
"Set 5","Screen & sound","The famous tongue-and-lips logo was created for which rock band?","The Who","The Rolling Stones","Led Zeppelin","The Kinks","The Rolling Stones","John Pasche designed the tongue-and-lips emblem for the Rolling Stones in 1970.","https://www.vam.ac.uk/articles/the-rolling-stones-logo-by-john-pasche"
"Set 5","Sports","What is the minimum diameter of a regulation golf ball?","1.48 inches","1.68 inches","1.88 inches","2.08 inches","1.68 inches","The equipment rules require a golf ball to have a diameter of at least 1.680 inches.","https://www.britannica.com/sports/golf/Equipment"
"Set 5","Sports","Why are NHL hockey pucks kept cold before games?","To make them heavier","To reduce bouncing","To brighten the logo","To prevent cracking","To reduce bouncing","Chilled rubber is less lively, so a cold puck bounces less than a warm one.","https://www.smithsonianmag.com/science-nature/the-composition-of-a-hockey-puck-75687749/"
"Set 5","Sports","In fencing, which weapon allows touches anywhere on the opponent's body?","Foil","Sabre","Epee","All three","Epee","The epee target is the entire body; foil and sabre use restricted target areas.","https://olympics.com/en/news/fencing-rules-regulations-how-to-play"
"Set 5","Sports","How high is the center of a regulation badminton net?","1.224 metres","1.524 metres","1.724 metres","2.024 metres","1.524 metres","Badminton laws set the net at 1.524 metres high in the center of the court.","https://corporate.bwfbadminton.com/statutes/"
"Set 5","Sports","Which swimming stroke gives the individual medley its final leg?","Butterfly","Backstroke","Breaststroke","Freestyle","Freestyle","Individual medleys run butterfly, backstroke, breaststroke, then freestyle.","https://resources.fina.org/fina/document/2024/07/01/8c79961d-8d8f-4b9b-aab0-51cc67c91f20/Competition-Regulations-version-July-2024-_FINAL.pdf"
"Set 5","Sports","In basketball, what is the restricted-area arc under the basket commonly called?","The keyhole","The no-charge semicircle","The bonus ring","The rebound zone","The no-charge semicircle","A secondary defender inside the no-charge semicircle normally cannot draw a charging foul.","https://official.nba.com/rule-no-12-fouls-and-penalties/"
"Set 5","Sports","In rugby union, how many points is a drop goal worth?","One","Two","Three","Five","Three","A successful drop goal scores three points, the same as a penalty goal.","https://www.world.rugby/the-game/laws/law/8"
"Set 5","Sports","Which chess piece starts each game beside a rook?","Bishop","Knight","Queen","King","Knight","The back rank begins rook, knight, bishop from each outer edge.","https://handbook.fide.com/chapter/E012023"
"Set 5","Sports","From where must a legal shot put be released?","Behind the shoulder","Close to the neck or chin","Below the waist","With both hands overhead","Close to the neck or chin","The shot must begin close to the neck or chin and may not be dropped below that position during the putting action.","https://worldathletics.org/disciplines/throws/shot-put"
"Set 5","Food & kitchen","Caesar salad was created in which country?","Italy","Mexico","United States","France","Mexico","Restaurateur Caesar Cardini devised the salad in Tijuana, Mexico, in the 1920s.","https://www.britannica.com/topic/Caesar-salad"
"Set 5","Food & kitchen","German chocolate cake is named after what?","A German city","A chocolate maker's surname","The German royal family","A style of baking","A chocolate maker's surname","Samuel German developed the sweet baking chocolate that gave the American cake its name.","https://www.smithsonianmag.com/arts-culture/german-chocolate-cake-isnt-german-180961142/"
"Set 5","Food & kitchen","Traditional Japanese mochi is made chiefly from what?","Glutinous rice","Buckwheat flour","Soybean paste","Sweet potato","Glutinous rice","Mochi is prepared by steaming and pounding glutinous rice into an elastic paste.","https://www.britannica.com/topic/mochi"
"Set 5","Food & kitchen","Maple syrup is concentrated from which fluid collected from maple trees?","Sap","Resin","Nectar","Latex","Sap","Producers tap maple trees for sap and boil away water to concentrate it into syrup.","https://www.britannica.com/topic/maple-syrup"
"Set 5","Food & kitchen","What makes a traditional pound cake a ""pound"" cake?","Its baked weight","A pound of each main ingredient","A pound of flour only","Its sale price","A pound of each main ingredient","Early recipes used one pound each of flour, butter, sugar, and eggs.","https://www.britannica.com/topic/pound-cake"
"Set 5","Food & kitchen","The fruit now called a kiwifruit was once widely marketed as what?","Chinese gooseberry","New Zealand melon","Pacific fig","Fuzzy lime","Chinese gooseberry","New Zealand exporters replaced ""Chinese gooseberry"" with kiwifruit as overseas sales grew.","https://teara.govt.nz/en/kiwifruit"
"Set 5","Food & kitchen","Espresso is defined mainly by what?","A species of coffee bean","A dark roast level","A pressurized brewing method","A country of origin","A pressurized brewing method","Espresso forces hot water under pressure through finely ground coffee; no special espresso bean is required.","https://www.britannica.com/topic/espresso"
"Set 5","Food & kitchen","Cutting an onion releases an irritant that reaches which body part to trigger tears?","The eyes","The inner ears","The tongue","The fingertips","The eyes","Damaged onion cells release a volatile lachrymatory factor that reaches the eyes and stimulates tearing.","https://www.loc.gov/everyday-mysteries/chemistry/item/why-does-chopping-an-onion-make-you-cry/"
"Set 5","Food & kitchen","What does crystallization usually mean for a jar of pure honey?","It has spoiled","Sugar was secretly added","It has naturally formed glucose crystals","Water entered the jar","It has naturally formed glucose crystals","Crystallization is a normal physical change and does not mean the honey has gone bad.","https://honey.com/honey-at-home/learn-about-honey"
"Set 5","Science & nature","How can a dolphin sleep without completely stopping its breathing?","It sleeps underwater for hours","One brain hemisphere rests at a time","Its gills take over","Its heart controls breathing","One brain hemisphere rests at a time","Dolphins use unihemispheric sleep, resting one side of the brain while the other remains alert enough to surface and breathe.","https://oceanservice.noaa.gov/facts/dolphin_sleep.html"
"Set 5","Science & nature","What color is horseshoe-crab blood?","Red","Blue","Green","Clear","Blue","Copper-containing hemocyanin makes horseshoe-crab blood blue.","https://ocean.si.edu/ocean-life/invertebrates/horseshoe-crabs-living-fossils-and-medical-marvels"
"Set 5","Science & nature","Why can astronauts become slightly taller while in orbit?","Their bones grow","Their spinal discs expand","Their posture is measured differently","Their spacesuits pull upward","Their spinal discs expand","With gravity no longer compressing the spine, the discs between vertebrae can expand.","https://www.nasa.gov/humans-in-space/the-human-body-in-space/"
"Set 5","Science & nature","Which planet has an average density lower than liquid water?","Jupiter","Saturn","Uranus","Neptune","Saturn","Saturn's average density is about 0.69 grams per cubic centimetre, less than water's.","https://science.nasa.gov/saturn/facts/"
"Set 5","Science & nature","How many permanent teeth does a typical adult have, including wisdom teeth?","24","28","32","36","32","A complete adult dentition contains 32 permanent teeth when all four wisdom teeth are present.","https://www.nidcr.nih.gov/health-info/tooth-decay/more-info"
"Set 5","Science & nature","Under ultraviolet light, platypus fur can glow which color?","Blue-green","Bright red","Golden yellow","Pure white","Blue-green","Researchers found that platypus fur absorbs ultraviolet light and fluoresces blue-green.","https://www.fieldmuseum.org/blog/platypuses-glow-under-uv-light"
"Set 5","Science & nature","What is the largest single bone in the human body?","Tibia","Pelvis","Femur","Humerus","Femur","The thigh bone, or femur, is the body's longest and strongest single bone.","https://www.britannica.com/science/femur"
"Set 5","Science & nature","What keeps Apollo astronauts' footprints on the Moon from quickly eroding?","Frozen soil","A protective glassy crust","Almost no wind or liquid water","Static electricity","Almost no wind or liquid water","The Moon has no weather like Earth's, although micrometeorites will disturb the prints over very long periods.","https://science.nasa.gov/moon/moon-facts/"
"Set 5","Science & nature","Which frog can survive with much of its body frozen during winter?","Poison dart frog","Wood frog","Bullfrog","Glass frog","Wood frog","Wood frogs survive winter by allowing ice to form in much of the body while glucose helps protect their cells.","https://www.nps.gov/gaar/learn/nature/wood-frog-page-2.htm"
"Set 5","World & history","The town of Baarle is famous for a patchwork border between Belgium and which country?","France","Netherlands","Germany","Luxembourg","Netherlands","Belgian enclaves and Dutch counter-enclaves create an intricate border through Baarle.","https://www.britannica.com/place/Baarle-Hertog"
"Set 5","World & history","Which country's national anthem has no official lyrics?","Spain","Italy","Greece","Norway","Spain","Spain's Marcha Real is one of the few national anthems without official words.","https://www.lamoncloa.gob.es/espana/simbolosdelestado/Paginas/index.aspx"
"Set 5","World & history","Which city has hosted university teaching since before the Aztec Empire existed?","Oxford","Boston","Berlin","Madrid","Oxford","Teaching existed at Oxford by 1096; the Aztec Empire formed in the 15th century.","https://www.ox.ac.uk/about/organisation/history"
"Set 5","World & history","What is the southernmost national capital city?","Canberra","Wellington","Buenos Aires","Cape Town","Wellington","New Zealand's capital, Wellington, lies farther south than any other sovereign state capital.","https://www.britannica.com/place/Wellington-New-Zealand"
"Set 5","World & history","The Trans-Siberian Railway crosses how many time zones between Moscow and Vladivostok?","Five","Six","Eight","Eleven","Eight","The route stretches across eight time zones on its journey through Russia.","https://www.britannica.com/topic/Trans-Siberian-Railroad"
"Set 5","World & history","Angel Falls, the world's highest uninterrupted waterfall, is in which country?","Brazil","Venezuela","Peru","Colombia","Venezuela","Angel Falls drops from Auyan-tepui in southeastern Venezuela.","https://www.britannica.com/place/Angel-Falls"
"Set 5","World & history","Which country contains more ancient pyramids than Egypt?","Sudan","Mexico","Iraq","Ethiopia","Sudan","Sudan contains hundreds of Nubian pyramids, including major groups at Meroe.","https://www.britannica.com/place/pyramids-of-Meroe"
"Set 5","World & history","Mount Everest stands on the border between Nepal and which country?","India","Bhutan","China","Pakistan","China","The summit of Everest lies on the Nepal-China border, with Tibet on the northern side.","https://www.britannica.com/place/Mount-Everest"
"Set 5","World & history","The word ""salary"" is historically linked to the Latin word for what?","Silver","Salt","Service","Harvest","Salt","Salary comes through Latin salarium, a word derived from sal, meaning salt.","https://www.merriam-webster.com/dictionary/salary"
"Set 5","Books & games","What does the Monopoly mascot, Rich Uncle Pennybags, not wear?","A top hat","A bow tie","A monocle","A moustache","A monocle","The mascot has a top hat and moustache but no monocle, despite a common false memory.","https://www.hasbro.com/common/instruct/00009.pdf"
"Set 5","Books & games","What was Milton Bradley's 1860 precursor to The Game of Life called?","The Checkered Game of Life","The Mansion of Happiness","The Landlord's Game","Life's Highway","The Checkered Game of Life","Milton Bradley launched his company with The Checkered Game of Life in 1860.","https://americanhistory.si.edu/collections/object/nmah_317221"
"Set 5","Books & games","How many bonus points does a Scrabble player receive for using all seven rack tiles in one turn?","25","40","50","100","50","Using all seven tiles in one play earns a 50-point bonus, commonly called a bingo.","https://instructions.hasbro.com/en-us/instruction/scrabble-game"
"Set 5","Books & games","What is Oscar Wilde's only published novel?","The Picture of Dorian Gray","The Importance of Being Earnest","Salome","De Profundis","The Picture of Dorian Gray","The Picture of Dorian Gray is Oscar Wilde's only novel.","https://www.britannica.com/topic/The-Picture-of-Dorian-Gray-novel-by-Wilde"
"Set 5","Books & games","In the original British Cluedo, what is the murder victim called?","Mr Boddy","Dr Black","Lord Scarlet","Professor White","Dr Black","The British game names the victim Dr Black; North American Clue renamed him Mr Boddy.","https://www.vam.ac.uk/articles/a-brief-history-of-cluedo"
"Set 5","Books & games","Which number is opposite 20 on a standard dartboard?","1","3","6","11","3","The standard board places 3 at the bottom, directly opposite 20 at the top.","https://www.dartswdf.com/rules/"
"Set 5","Books & games","In The Hobbit, what kind of mark does Gandalf put on Bilbo's door?","A rune","A handprint","A star","A red circle","A rune","Gandalf scratches a secret sign on the green door so the dwarves can identify the burglar's home.","https://www.tolkienestate.com/writing/the-hobbit/"
"Set 5","Books & games","Which Alice in Wonderland character is a caricature of author Lewis Carroll?","The Dodo","The White Rabbit","The Mad Hatter","The Dormouse","The Dodo","The stammering Dodo is widely understood as Carroll's self-caricature: Do-Do-Dodgson.","https://www.bl.uk/collection-items/alices-adventures-in-wonderland-by-lewis-carroll"
"Set 5","Books & games","In a standard deck of cards, which king is traditionally shown without a moustache?","King of clubs","King of diamonds","King of hearts","King of spades","King of hearts","In the familiar Anglo-American design, the king of hearts is the lone clean-shaven king.","https://www.metmuseum.org/art/collection/search/475513"
"Set 5","Objects & art","What does the raised red flag on a rural U.S. mailbox signal?","Outgoing mail awaits pickup","The box is full","Registered mail arrived","The address changed","Outgoing mail awaits pickup","A raised carrier-signal flag tells the postal carrier that outgoing mail is waiting in the box.","https://about.usps.com/publications/engineering-standards-specifications/spusps-std-7c01/welcome.htm"
"Set 5","Objects & art","What is the wavy inner layer of corrugated cardboard called?","Fluting","Deckle","Sizing","Vellum","Fluting","The arched paper between the flat linerboards is called fluting; its shape gives corrugated board rigidity.","https://www.fefco.org/lca/dscription-of-production-system/corrugated-board-production"
"Set 5","Objects & art","The side brushes along many escalators are intended mainly to do what?","Polish shoes","Keep feet and clothing away from the edge","Sweep dirt into the steps","Measure passenger speed","Keep feet and clothing away from the edge","Skirt brushes provide a tactile warning that encourages riders to keep away from the gap beside the moving steps.","https://www.otis.com/en/us/tools-resources/escalator-moving-walk-safety"
"Set 5","Objects & art","What do the black dots around a car windscreen mainly help do?","Improve radio reception","Hide and protect the adhesive","Measure glass curvature","Defrost the edge","Hide and protect the adhesive","The ceramic frit shades the urethane sealant from ultraviolet light and creates a gradual visual edge.","https://www.pilkington.com/en/global/knowledge-base/glass-technology/automotive-glazing"
"Set 5","Objects & art","Why do ISO A-series paper sizes keep the same proportions when cut in half?","Their sides use a square-root-of-two ratio","Their margins are equal","Their area is always one square metre","Their corners are rounded","Their sides use a square-root-of-two ratio","The 1-to-square-root-of-two aspect ratio reproduces itself when the sheet is halved across its longer side.","https://www.iso.org/obp/ui/#iso:std:iso:216:ed-2:v1:en"
"Set 5","Objects & art","Why did paint in collapsible metal tubes matter to 19th-century painters?","It dried paintings instantly","It made outdoor painting practical","It removed the need for brushes","It made every pigment cheaper","It made outdoor painting practical","Portable, resealable tubes let artists carry fresh paint outdoors without preparing pigments on site.","https://www.smithsonianmag.com/arts-culture/never-underestimate-the-power-of-a-paint-tube-36637764/"
"Set 5","Objects & art","Who posed for the farmer and daughter in Grant Wood's American Gothic?","Two hired actors","Wood and his wife","His dentist and his sister","A real farming couple","His dentist and his sister","Wood used his dentist, Byron McKeeby, and his sister, Nan Wood Graham, as separate models.","https://www.artic.edu/artworks/6565/american-gothic"
"Set 5","Objects & art","Hokusai's The Great Wave was made using which printmaking method?","Woodblock printing","Etching","Lithography","Screen printing","Woodblock printing","The Great Wave is a color woodblock print from Hokusai's series Thirty-six Views of Mount Fuji.","https://www.metmuseum.org/art/collection/search/45434"
"Set 5","Objects & art","In Magritte's The Treachery of Images, what appears below the painted pipe?","A price tag","A shadow of a bird","Words saying it is not a pipe","The artist's signature only","Words saying it is not a pipe","The French sentence ""Ceci n'est pas une pipe"" reminds viewers that the painting is an image, not a pipe.","https://collections.lacma.org/node/239578"
"Set 6","Screen & sound","In Jaws, what kind of shark is hunted off Amity Island?","Tiger shark","Great white shark","Bull shark","Mako shark","Great white shark","The film calls the attacking animal a great white shark.","https://www.britannica.com/topic/Jaws-film-by-Spielberg"
"Set 6","Screen & sound","Which Fleetwood Mac album includes ""Dreams"" and ""Go Your Own Way""?","Tusk","Mirage","Rumours","Fleetwood Mac","Rumours","Both songs appeared on the band's 1977 album Rumours.","https://www.grammy.com/news/fleetwood-mac-rumours-album-anniversary"
"Set 6","Screen & sound","What is the name of the newspaper where Clark Kent works?","Daily Bugle","Daily Planet","Gotham Gazette","Metropolis Times","Daily Planet","Clark Kent works as a reporter for Metropolis's Daily Planet.","https://www.dc.com/characters/superman"
"Set 6","Screen & sound","Which composer wrote the scores for Jaws, E.T., and Jurassic Park?","Hans Zimmer","Ennio Morricone","John Williams","Howard Shore","John Williams","John Williams composed the music for all three Steven Spielberg films.","https://www.britannica.com/biography/John-Williams-American-composer-and-conductor"
"Set 6","Screen & sound","Which singer released the 1985 album Hounds of Love?","Kate Bush","Annie Lennox","Cyndi Lauper","Patti Smith","Kate Bush","Kate Bush wrote and produced Hounds of Love, which includes ""Running Up That Hill.""","https://www.britannica.com/biography/Kate-Bush"
"Set 6","Screen & sound","In Citizen Kane, what object bears the name ""Rosebud""?","A sled","A snow globe","A typewriter","A train","A sled","Rosebud is the name painted on Kane's childhood sled.","https://catalog.afi.com/Catalog/moviedetails/27624"
"Set 6","Screen & sound","Which actor directed and starred in Unforgiven?","Kevin Costner","Clint Eastwood","Robert Redford","Gene Hackman","Clint Eastwood","Clint Eastwood directed the 1992 western and played William Munny.","https://www.britannica.com/topic/Unforgiven"
"Set 6","Screen & sound","What was Freddie Mercury's birth name?","Farrokh Bulsara","Reginald Dwight","David Jones","Richard Starkey","Farrokh Bulsara","Freddie Mercury was born Farrokh Bulsara in Zanzibar.","https://www.britannica.com/biography/Freddie-Mercury"
"Set 6","Screen & sound","Which TV detective is known for saying ""Just one more thing""?","Kojak","Columbo","Morse","Poirot","Columbo","Lieutenant Columbo often returns with the disarming phrase ""Just one more thing.""","https://www.britannica.com/topic/Columbo-American-television-series"
"Set 6","Sports","In baseball, how many strikes normally retire a batter?","Two","Three","Four","Five","Three","A third strike completes a strikeout, subject to the uncaught-third-strike rule.","https://www.mlb.com/glossary/rules/strikeout"
"Set 6","Sports","How long is a standard Olympic swimming pool?","25 metres","40 metres","50 metres","100 metres","50 metres","World Aquatics specifies a 50-metre pool for long-course competition.","https://www.worldaquatics.com/rules/competition-regulations"
"Set 6","Sports","How many stumps make up a cricket wicket?","Two","Three","Four","Six","Three","A wicket consists of three wooden stumps topped by two bails.","https://www.lords.org/mcc/the-laws-of-cricket/the-wickets"
"Set 6","Sports","Which chess piece must stay on squares of one color?","Rook","Knight","Bishop","Queen","Bishop","A bishop moves diagonally, so it can never leave its starting square color.","https://www.britannica.com/topic/chess/Movement-of-the-pieces"
"Set 6","Sports","In Formula One, what flag orders a driver to stop because they are disqualified?","Red","Black","White","Yellow","Black","A black flag shown with a car number tells that driver to return to the pits.","https://www.fia.com/sites/default/files/fia_international_sporting_code_2026.pdf"
"Set 6","Sports","What is the maximum break in snooker without a free ball?","137","147","155","167","147","Fifteen reds with blacks, followed by all six colors, totals 147.","https://wpbsa.com/about-us/rules/"
"Set 6","Sports","In basketball, how long may an NBA player remain in the opponents' lane on offense?","Two seconds","Three seconds","Five seconds","Eight seconds","Three seconds","The offensive three-second rule limits a player in the lane while their team controls the ball.","https://official.nba.com/rule-no-10-violations-and-penalties/"
"Set 6","Sports","Which athletics event uses a 7.26-kilogram metal ball in the men's competition?","Discus","Hammer throw","Shot put","Javelin","Shot put","The senior men's shot weighs 7.26 kilograms, or 16 pounds.","https://worldathletics.org/disciplines/throws/shot-put"
"Set 6","Food & kitchen","Which French sauce is made by emulsifying egg yolks and butter?","Bechamel","Hollandaise","Veloute","Espagnole","Hollandaise","Hollandaise is a warm emulsion of egg yolks, butter, and an acid such as lemon juice.","https://www.britannica.com/topic/hollandaise-sauce"
"Set 6","Food & kitchen","What grain is traditionally used to make Japanese sake?","Barley","Rice","Millet","Buckwheat","Rice","Sake is brewed from polished rice with water, yeast, and koji mold.","https://www.britannica.com/topic/sake"
"Set 6","Food & kitchen","Which cheese is traditionally used in a Greek salad?","Halloumi","Feta","Ricotta","Brie","Feta","The traditional horiatiki salad is topped with feta cheese.","https://www.britannica.com/topic/feta-cheese"
"Set 6","Food & kitchen","What gives Earl Grey tea its characteristic flavor?","Jasmine","Bergamot oil","Vanilla","Mint","Bergamot oil","Oil from bergamot citrus peel supplies Earl Grey's distinctive aroma.","https://www.britannica.com/topic/Earl-Grey-tea"
"Set 6","Food & kitchen","Which nut forms the base of traditional marzipan?","Hazelnut","Almond","Walnut","Pistachio","Almond","Marzipan is a paste made chiefly from ground almonds and sugar.","https://www.britannica.com/topic/marzipan"
"Set 6","Food & kitchen","What type of pastry is used for profiteroles?","Filo","Puff pastry","Choux","Shortcrust","Choux","Profiterole shells are baked from choux pastry, which puffs from steam.","https://www.britannica.com/topic/profiterole"
"Set 6","Food & kitchen","Which country is the origin of the cheese Gouda?","Belgium","Denmark","Netherlands","Switzerland","Netherlands","Gouda is named for the Dutch city where the cheese was historically traded.","https://www.britannica.com/topic/Gouda-cheese"
"Set 6","Food & kitchen","In cooking, what does it mean to julienne a vegetable?","Mash it smooth","Cut it into thin strips","Cook it in wine","Remove its skin","Cut it into thin strips","A julienne cut produces thin, matchstick-shaped strips.","https://www.britannica.com/topic/julienne"
"Set 6","Nature & science","Which blood cells carry most of the oxygen in the human body?","Platelets","Red blood cells","White blood cells","Stem cells","Red blood cells","Hemoglobin inside red blood cells binds and transports oxygen.","https://www.nhlbi.nih.gov/health/blood"
"Set 6","Nature & science","What is the largest species of living penguin?","King penguin","Emperor penguin","Gentoo penguin","Chinstrap penguin","Emperor penguin","The emperor penguin is the tallest and heaviest living penguin species.","https://www.britannica.com/animal/emperor-penguin"
"Set 6","Nature & science","Which element has the chemical symbol W?","Tungsten","Tin","Titanium","Tantalum","Tungsten","Tungsten uses W from its older name, wolfram.","https://www.britannica.com/science/tungsten-chemical-element"
"Set 6","Nature & science","What is the only mammal capable of sustained true flight?","Flying squirrel","Sugar glider","Bat","Colugo","Bat","Bats generate powered flight; other so-called flying mammals only glide.","https://www.britannica.com/animal/bat-mammal"
"Set 6","Nature & science","Which layer of Earth is liquid?","Crust","Mantle","Outer core","Inner core","Outer core","Earth's outer core is liquid iron and nickel around a solid inner core.","https://www.usgs.gov/programs/earthquake-hazards/science/inside-earth"
"Set 6","Nature & science","A narwhal's tusk is actually an enlarged what?","Horn","Tooth","Jawbone","Whisker","Tooth","The spiral tusk is an elongated canine tooth, usually on the left side.","https://oceanservice.noaa.gov/facts/narwhal.html"
"Set 6","Nature & science","Which planet has the shortest day in the Solar System?","Mars","Jupiter","Saturn","Uranus","Jupiter","Jupiter rotates in about 10 hours, faster than any other planet.","https://science.nasa.gov/jupiter/facts/"
"Set 6","Nature & science","What is measured on the Mohs scale?","Mineral hardness","Earthquake energy","Wind speed","Acidity","Mineral hardness","The Mohs scale ranks minerals by their resistance to scratching.","https://www.nps.gov/articles/mohs-hardness-scale.htm"
"Set 6","Nature & science","Which organ produces insulin in the human body?","Liver","Pancreas","Kidney","Spleen","Pancreas","Beta cells in the pancreas produce the hormone insulin.","https://www.niddk.nih.gov/health-information/diabetes/overview/what-is-diabetes/pancreas-insulin"
"Set 6","Nature & science","What kind of animal is an axolotl?","Lizard","Salamander","Fish","Frog","Salamander","The axolotl is a salamander that normally retains aquatic larval traits as an adult.","https://nationalzoo.si.edu/animals/axolotl"
"Set 6","World & history","Which modern city was once called Constantinople?","Athens","Istanbul","Sofia","Alexandria","Istanbul","Constantinople became the official name Istanbul in Turkey in 1930.","https://www.britannica.com/place/Istanbul"
"Set 6","World & history","Machu Picchu was built by which civilization?","Maya","Aztec","Inca","Olmec","Inca","The Inca built Machu Picchu in the Andes during the 15th century.","https://whc.unesco.org/en/list/274/"
"Set 6","World & history","Which treaty formally ended World War I between Germany and the Allies?","Treaty of Utrecht","Treaty of Versailles","Treaty of Paris","Treaty of Tordesillas","Treaty of Versailles","Germany and the Allies signed the Treaty of Versailles in 1919.","https://www.britannica.com/event/Treaty-of-Versailles-1919"
"Set 6","World & history","Which African country was formerly known as Abyssinia?","Ethiopia","Eritrea","Sudan","Somalia","Ethiopia","Abyssinia was a historical European name for Ethiopia.","https://www.britannica.com/place/Ethiopia"
"Set 6","World & history","Which country almost completely surrounds The Gambia?","Guinea","Senegal","Mali","Mauritania","Senegal","Senegal surrounds The Gambia on three sides; the country's western edge meets the Atlantic.","https://www.britannica.com/place/The-Gambia"
"Set 6","World & history","Which narrow sea lies entirely within Turkey and connects the Black Sea route to the Aegean?","Sea of Marmara","Adriatic Sea","Aral Sea","Tyrrhenian Sea","Sea of Marmara","The Sea of Marmara connects through the Bosporus to the Black Sea and through the Dardanelles to the Aegean.","https://www.britannica.com/place/Sea-of-Marmara"
"Set 6","World & history","Which empire used quipu, systems of knotted cords, for record keeping?","Roman","Inca","Mongol","Ottoman","Inca","Inca administrators encoded numerical records on knotted quipu cords.","https://www.britannica.com/technology/quipu"
"Set 6","World & history","Who was the first woman to fly solo across the Atlantic Ocean?","Bessie Coleman","Amelia Earhart","Amy Johnson","Jacqueline Cochran","Amelia Earhart","Amelia Earhart completed the first female solo Atlantic crossing in 1932.","https://www.si.edu/spotlight/amelia-earhart"
"Set 6","World & history","Which national capital is widely recognized as the world's coldest?","Helsinki","Ulaanbaatar","Reykjavik","Astana","Ulaanbaatar","Mongolia's Ulaanbaatar has an extremely cold continental climate and is commonly identified as the coldest national capital.","https://www.britannica.com/place/Ulaanbaatar"
"Set 6","World & history","Which material helped ancient Roman marine concrete harden under water?","Volcanic ash","Beeswax","Ground marble","Pine resin","Volcanic ash","Roman builders mixed lime with volcanic ash, producing hydraulic concrete that could set under water.","https://www.smithsonianmag.com/science-nature/why-roman-concrete-still-stands-180982805/"
"Set 6","Books & games","Who wrote The Name of the Rose?","Italo Calvino","Umberto Eco","Primo Levi","Alberto Moravia","Umberto Eco","Italian scholar and novelist Umberto Eco published The Name of the Rose in 1980.","https://www.britannica.com/biography/Umberto-Eco"
"Set 6","Books & games","In Scrabble, how many points is the letter Q worth in English-language play?","Eight","Ten","Twelve","Fifteen","Ten","Q and Z are the two 10-point tiles in English Scrabble.","https://scrabble.hasbro.com/en-us/faq"
"Set 6","Books & games","Which Shakespeare play contains Rosencrantz and Guildenstern?","Macbeth","Hamlet","King Lear","Othello","Hamlet","Rosencrantz and Guildenstern are Hamlet's former school friends.","https://www.folger.edu/explore/shakespeares-works/hamlet/read/"
"Set 6","Books & games","Which novel opens with the line ""Call me Ishmael""?","Moby-Dick","The Old Man and the Sea","Treasure Island","The Sea-Wolf","Moby-Dick","Ishmael introduces himself in the first sentence of Herman Melville's Moby-Dick.","https://www.gutenberg.org/files/2701/2701-h/2701-h.htm"
"Set 6","Books & games","In standard Monopoly, which property comes immediately after Go?","Baltic Avenue","Mediterranean Avenue","Reading Railroad","Oriental Avenue","Mediterranean Avenue","Mediterranean Avenue is the first purchasable property after Go.","https://instructions.hasbro.com/en-us/instruction/monopoly-game"
"Set 6","Books & games","Who created the detective Hercule Poirot?","Dorothy L. Sayers","Agatha Christie","Arthur Conan Doyle","Ngaio Marsh","Agatha Christie","Agatha Christie introduced Belgian detective Hercule Poirot in The Mysterious Affair at Styles.","https://www.agathachristie.com/characters/hercule-poirot"
"Set 6","Books & games","Which fantasy novel centers on the hobbit Bilbo Baggins?","The Silmarillion","The Hobbit","The Two Towers","The Last Battle","The Hobbit","Bilbo is the reluctant burglar and central character of J.R.R. Tolkien's The Hobbit.","https://www.britannica.com/topic/The-Hobbit"
"Set 6","Books & games","When may a pawn capture en passant in chess?","At any later turn","Only on the immediately following move","Only while in check","Only after castling","Only on the immediately following move","An en passant capture is legal only on the move immediately after the opposing pawn advances two squares.","https://handbook.fide.com/chapter/E012023"
"Set 6","Books & games","What board game was originally called Lexiko?","Boggle","Scrabble","Risk","Yahtzee","Scrabble","Alfred Mosher Butts developed Lexiko, which evolved into Scrabble.","https://www.nationalww2museum.org/war/articles/scrabble-alfred-butts"
"Set 6","Inventions & art","Who patented the first practical telephone in the United States?","Thomas Edison","Alexander Graham Bell","Guglielmo Marconi","Nikola Tesla","Alexander Graham Bell","Alexander Graham Bell received U.S. Patent No. 174,465 for the telephone in 1876.","https://www.loc.gov/item/today-in-history/march-07/"
"Set 6","Inventions & art","Which artist painted The Persistence of Memory?","Rene Magritte","Salvador Dali","Joan Miro","Pablo Picasso","Salvador Dali","Salvador Dali painted the famous melting clocks in 1931.","https://www.moma.org/collection/works/79018"
"Set 6","Inventions & art","What did Johannes Gutenberg's European press use to reproduce text?","Wooden stencils","Movable metal type","Lithographic stones","Copper photographs","Movable metal type","Gutenberg combined movable metal type with a mechanical press in 15th-century Europe.","https://www.britannica.com/biography/Johannes-Gutenberg"
"Set 6","Inventions & art","Which architect designed the large glass pyramid at the Louvre?","I. M. Pei","Frank Gehry","Norman Foster","Renzo Piano","I. M. Pei","I. M. Pei designed the glass pyramid that opened at the Louvre in 1989.","https://www.louvre.fr/en/explore/the-palace/the-louvre-pyramid"
"Set 6","Inventions & art","Who painted the ceiling of the Sistine Chapel?","Raphael","Michelangelo","Titian","Botticelli","Michelangelo","Michelangelo painted the chapel ceiling between 1508 and 1512.","https://www.vaticanmuseums.va/content/vaticanmuseums/en/collezioni/musei/cappella-sistina.html"
"Set 6","Inventions & art","What phrase did Thomas Edison recite in his early demonstration of recorded sound?","Mary had a little lamb","To be or not to be","Hello, world","God save the Queen","Mary had a little lamb","Edison recited ""Mary had a little lamb"" into his tinfoil phonograph during an early demonstration.","https://www.loc.gov/item/today-in-history/november-21/"
"Set 6","Inventions & art","Which photographic process gave blueprints their characteristic blue color?","Cyanotype","Daguerreotype","Tintype","Collodion","Cyanotype","The cyanotype process uses iron compounds to produce a stable Prussian-blue image and became the basis of blueprint copying.","https://www.britannica.com/technology/cyanotype"
"Set 6","Inventions & art","Which photography company introduced the Brownie camera in 1900?","Polaroid","Kodak","Leica","Fujifilm","Kodak","Eastman Kodak sold the simple Brownie camera for one dollar at launch.","https://americanhistory.si.edu/collections/object/nmah_760118"
"Set 6","Inventions & art","What are the individual small pieces in a mosaic called?","Tesserae","Gesso","Frescoes","Intaglio","Tesserae","Mosaics form images from small pieces of stone, glass, or other material called tesserae.","https://www.britannica.com/art/mosaic-art"
"Set 6","Inventions & art","What was the first synthetic plastic called?","Nylon","Bakelite","Cellophane","Perspex","Bakelite","Leo Baekeland patented Bakelite, the first fully synthetic plastic, in 1909.","https://www.acs.org/education/whatischemistry/landmarks/bakelite.html"
"Star Wars 1 · Foundations","Original trilogy","What was Darth Vader called before he became a Sith Lord?","Anakin Skywalker","Ben Solo","Count Dooku","Qui-Gon Jinn","Anakin Skywalker","Anakin Skywalker becomes Darth Vader; Ben Solo later becomes Kylo Ren.","https://www.starwars.com/databank/darth-vader"
"Star Wars 1 · Foundations","Original trilogy","How are Luke Skywalker and Leia Organa related?","Cousins","Twins","Mother and son","Unrelated","Twins","Luke and Leia are the twins of Anakin Skywalker and Padmé Amidala.","https://www.starwars.com/databank/princess-leia-organa"
"Star Wars 1 · Foundations","Original trilogy","Which droid carries Leia's message to Obi-Wan in A New Hope?","C-3PO","BB-8","R2-D2","K-2SO","R2-D2","R2-D2 carries both Leia's holographic message and the stolen Death Star plans.","https://www.starwars.com/databank/luke-skywalker"
"Star Wars 1 · Foundations","Original trilogy","Who fires the shot that destroys the first Death Star?","Wedge Antilles","Han Solo","Lando Calrissian","Luke Skywalker","Luke Skywalker","Luke fires proton torpedoes into the exhaust port after Han clears Vader from his tail.","https://www.starwars.com/databank/luke-skywalker"
"Star Wars 1 · Foundations","Original trilogy","Who trains Luke on Dagobah in The Empire Strikes Back?","Yoda","Mace Windu","Qui-Gon Jinn","Ahsoka Tano","Yoda","Obi-Wan begins Luke's training; Yoda continues it on Dagobah.","https://www.starwars.com/databank/yoda"
"Star Wars 1 · Foundations","Original trilogy","What material encases Han Solo in The Empire Strikes Back?","Beskar","Carbonite","Kyber","Coaxium","Carbonite","Vader tests the carbon-freezing chamber on Han before attempting to trap Luke.","https://www.starwars.com/databank/han-solo"
"Star Wars 1 · Foundations","Original trilogy","Who kills Jabba the Hutt in Return of the Jedi?","Luke Skywalker","Boba Fett","Leia Organa","Han Solo","Leia Organa","Leia strangles Jabba with the chain he used to hold her captive.","https://www.starwars.com/databank/jabba-the-hutt"
"Star Wars 1 · Foundations","Original trilogy","Who is Han Solo's Wookiee co-pilot?","Wicket","Greedo","Bossk","Chewbacca","Chewbacca","Chewbacca is a Wookiee; Wicket is an Ewok.","https://www.starwars.com/databank/chewbacca"
"Star Wars 1 · Foundations","Planets & places","On which desert planet does Luke grow up?","Tatooine","Jakku","Geonosis","Jedha","Tatooine","Luke grows up with Owen and Beru Lars on Tatooine; Rey grows up on Jakku.","https://www.starwars.com/databank/luke-skywalker"
"Star Wars 1 · Foundations","Planets & places","Which planet does the first Death Star destroy in A New Hope?","Naboo","Alderaan","Coruscant","Hoth","Alderaan","Alderaan is Leia's adoptive homeworld; Tarkin orders its destruction.","https://www.starwars.com/databank/princess-leia-organa"
"Star Wars 1 · Foundations","Planets & places","Which ice planet houses Echo Base in The Empire Strikes Back?","Crait","Ilum","Hoth","Kamino","Hoth","Hoth is the ice world attacked by Imperial walkers; Crait has a white salt surface.","https://www.starwars.com/databank/hoth"
"Star Wars 1 · Foundations","Planets & places","Cloud City floats in the atmosphere of which planet?","Endor","Dagobah","Yavin","Bespin","Bespin","Lando administers Cloud City, a tibanna-gas mining colony on Bespin.","https://www.starwars.com/databank/bespin"
"Star Wars 1 · Foundations","Planets & places","Where do the Ewoks help the Rebels in Return of the Jedi?","The forest moon of Endor","Kashyyyk","Naboo","Yavin 4","The forest moon of Endor","Ewoks live on Endor's forest moon; Kashyyyk is the Wookiee homeworld.","https://www.starwars.com/databank/endor"
"Star Wars 1 · Foundations","Planets & places","On which lava world do Obi-Wan and Anakin duel in Revenge of the Sith?","Sullust","Mustafar","Geonosis","Exegol","Mustafar","Obi-Wan defeats Anakin on Mustafar, leaving him badly burned.","https://www.starwars.com/databank/darth-vader"
"Star Wars 1 · Foundations","Planets & places","Which city-covered planet houses the Republic Senate and Jedi Temple?","Corellia","Alderaan","Coruscant","Mandalore","Coruscant","Coruscant is the galactic capital during the Republic and the Empire.","https://www.starwars.com/databank/coruscant"
"Star Wars 1 · Foundations","Planets & places","Where is the Rebel base during the attack on the first Death Star?","Dantooine","Hoth","Endor","Yavin 4","Yavin 4","Leia names the abandoned Dantooine base as a diversion; the active base is on Yavin 4.","https://www.starwars.com/databank/princess-leia-organa"
"Star Wars 1 · Foundations","Ships & technology","Which ship is Han Solo famous for piloting?","Millennium Falcon","Ghost","Razor Crest","Tantive IV","Millennium Falcon","The Millennium Falcon is a modified Corellian light freighter.","https://www.starwars.com/databank/millennium-falcon"
"Star Wars 1 · Foundations","Ships & technology","From whom does Han win the Millennium Falcon?","Jabba the Hutt","Lando Calrissian","Boba Fett","Dryden Vos","Lando Calrissian","Han wins Lando's ship in a game of sabacc.","https://www.starwars.com/databank/millennium-falcon"
"Star Wars 1 · Foundations","Ships & technology","What kind of starfighter does Luke fly against the first Death Star?","A-wing","Y-wing","X-wing","TIE fighter","X-wing","Luke flies an X-wing with R2-D2 as his astromech.","https://www.starwars.com/databank/luke-skywalker"
"Star Wars 1 · Foundations","Ships & technology","What is Luke's call sign during the Battle of Yavin?","Gold Leader","Red Leader","Rogue Two","Red Five","Red Five","Luke is Red Five during the first Death Star attack.","https://www.starwars.com/databank/luke-skywalker"
"Star Wars 1 · Foundations","Ships & technology","Which Imperial walker has four legs and attacks Echo Base?","AT-AT","AT-ST","TIE interceptor","Speeder bike","AT-AT","The AT-AT is the four-legged walker on Hoth; the smaller AT-ST has two legs.","https://www.starwars.com/databank/at-at-walker"
"Star Wars 1 · Foundations","Ships & technology","Which crystals power lightsabers?","Coaxium crystals","Kyber crystals","Carbonite crystals","Beskar crystals","Kyber crystals","Kyber crystals focus a lightsaber's energy; beskar is an armor metal.","https://www.starwars.com/databank/lightsaber"
"Star Wars 1 · Foundations","Ships & technology","What type of droid is C-3PO?","Astromech droid","Battle droid","Protocol droid","Probe droid","Protocol droid","C-3PO specializes in etiquette and translation; R2-D2 is an astromech.","https://www.starwars.com/databank/c-3po"
"Star Wars 1 · Foundations","Ships & technology","Which ship carries Leia at the beginning of A New Hope?","Home One","Executor","Ghost","Tantive IV","Tantive IV","Vader boards the Tantive IV while searching for the stolen Death Star plans.","https://www.starwars.com/databank/princess-leia-organa"
"Star Wars 1 · Foundations","Prequel trilogy","Who is Obi-Wan's Jedi Master in The Phantom Menace?","Qui-Gon Jinn","Mace Windu","Count Dooku","Plo Koon","Qui-Gon Jinn","Obi-Wan is Qui-Gon's Padawan in Episode I and later trains Anakin.","https://www.starwars.com/databank/qui-gon-jinn"
"Star Wars 1 · Foundations","Prequel trilogy","Who kills Qui-Gon Jinn?","Darth Sidious","Darth Maul","General Grievous","Count Dooku","Darth Maul","Maul kills Qui-Gon during the lightsaber duel on Naboo.","https://www.starwars.com/databank/darth-maul"
"Star Wars 1 · Foundations","Prequel trilogy","Padmé Amidala first appears as queen of which planet?","Alderaan","Coruscant","Naboo","Mandalore","Naboo","Padmé is Naboo's elected queen in Episode I and later its senator.","https://www.starwars.com/databank/padme-amidala"
"Star Wars 1 · Foundations","Prequel trilogy","Which Sith identity belongs to Chancellor Palpatine?","Darth Tyranus","Darth Maul","Darth Plagueis","Darth Sidious","Darth Sidious","Palpatine is Darth Sidious; Count Dooku is Darth Tyranus.","https://www.starwars.com/databank/emperor-palpatine-darth-sidious"
"Star Wars 1 · Foundations","Prequel trilogy","Which order commands the clone troopers to turn on the Jedi?","Order 66","Order 99","Order 501","Order 1138","Order 66","Palpatine issues Order 66 near the end of the Clone Wars.","https://www.starwars.com/databank/clone-troopers"
"Star Wars 1 · Foundations","Prequel trilogy","Who provides the genetic template for the Republic's clone army?","Boba Fett","Jango Fett","Captain Rex","Commander Cody","Jango Fett","Jango is the template; Boba is his unaltered clone, raised as his son.","https://www.starwars.com/databank/jango-fett"
"Star Wars 1 · Foundations","Prequel trilogy","On which ocean world does Obi-Wan discover the clone army?","Naboo","Mon Cala","Kamino","Scarif","Kamino","Kamino's cloners create the army in facilities above its stormy oceans.","https://www.starwars.com/databank/kamino"
"Star Wars 1 · Foundations","Prequel trilogy","Which Jedi wields a purple lightsaber in the prequel films?","Kit Fisto","Yoda","Obi-Wan Kenobi","Mace Windu","Mace Windu","Mace Windu, played by Samuel L. Jackson, carries the distinctive purple blade.","https://www.starwars.com/databank/mace-windu"
"Star Wars 1 · Foundations","Sequel trilogy","On which planet does Rey live as a scavenger in The Force Awakens?","Jakku","Tatooine","Pasaana","Jedha","Jakku","Rey scavenges wrecked ships on Jakku; Luke's childhood desert world is Tatooine.","https://www.starwars.com/databank/rey"
"Star Wars 1 · Foundations","Sequel trilogy","What is Kylo Ren's birth name?","Anakin Solo","Ben Solo","Jacen Solo","Ben Skywalker","Ben Solo","Ben Solo is the son of Han Solo and Leia Organa.","https://www.starwars.com/databank/kylo-ren"
"Star Wars 1 · Foundations","Sequel trilogy","What is Finn's stormtrooper designation?","TK-421","CT-7567","FN-2187","IG-11","FN-2187","Poe gives FN-2187 the name Finn during their escape.","https://www.starwars.com/databank/finn"
"Star Wars 1 · Foundations","Sequel trilogy","Which spherical droid belongs to Poe Dameron?","R2-D2","D-O","Chopper","BB-8","BB-8","BB-8 is Poe's astromech and carries part of the map to Luke.","https://www.starwars.com/databank/bb-8"
"Star Wars 1 · Foundations","Sequel trilogy","What is the First Order's planet-sized weapon in The Force Awakens?","Starkiller Base","Death Star II","The Supremacy","The Malevolence","Starkiller Base","Starkiller Base uses stellar energy to destroy the Hosnian system.","https://www.starwars.com/databank/starkiller-base"
"Star Wars 1 · Foundations","Sequel trilogy","Where does Rey find Luke at the end of The Force Awakens?","Dagobah","Ahch-To","Tython","Ossus","Ahch-To","Luke has exiled himself on Ahch-To, the site of the first Jedi Temple.","https://www.starwars.com/databank/ahch-to"
"Star Wars 1 · Foundations","Sequel trilogy","Who kills Supreme Leader Snoke in The Last Jedi?","Rey","Luke Skywalker","Kylo Ren","General Hux","Kylo Ren","Kylo uses the Force to ignite the Skywalker lightsaber beside Snoke.","https://www.starwars.com/databank/supreme-leader-snoke"
"Star Wars 1 · Foundations","Sequel trilogy","Which surname does Rey choose at the end of The Rise of Skywalker?","Solo","Organa","Kenobi","Skywalker","Skywalker","Rey calls herself Rey Skywalker after burying Luke's and Leia's lightsabers on Tatooine.","https://www.starwars.com/databank/rey"
"Star Wars 1 · Foundations","TV & standalone films","What is the name of the child nicknamed Baby Yoda by fans?","Grogu","Yaddle","Ezra","Babu Frik","Grogu","Grogu is a separate character from Yoda; Ahsoka reveals his name in The Mandalorian.","https://www.starwars.com/databank/grogu"
"Star Wars 1 · Foundations","TV & standalone films","Which Mandalorian bounty hunter becomes Grogu's protector?","Boba Fett","Din Djarin","Jango Fett","Paz Vizsla","Din Djarin","Din Djarin and Grogu travel together as a clan of two.","https://www.starwars.com/databank/grogu"
"Star Wars 1 · Foundations","TV & standalone films","Who is Ahsoka Tano's Jedi Master during the Clone Wars?","Obi-Wan Kenobi","Plo Koon","Anakin Skywalker","Mace Windu","Anakin Skywalker","Ahsoka is Anakin's Padawan; Plo Koon discovered her as a child.","https://www.starwars.com/databank/ahsoka-tano"
"Star Wars 1 · Foundations","TV & standalone films","What species is Ahsoka Tano?","Twi'lek","Zabrak","Mirialan","Togruta","Togruta","Ahsoka is a Togruta, with head-tails and horn-like montrals.","https://www.starwars.com/databank/ahsoka-tano"
"Star Wars 1 · Foundations","TV & standalone films","Which Rogue One character is the daughter of Death Star engineer Galen Erso?","Jyn Erso","Mon Mothma","Qi'ra","Hera Syndulla","Jyn Erso","Jyn helps steal the plans for the weapon her father secretly sabotaged.","https://www.starwars.com/databank/jyn-erso"
"Star Wars 1 · Foundations","TV & standalone films","From which world are the Death Star plans stolen in Rogue One?","Jedha","Scarif","Eadu","Yavin 4","Scarif","The Imperial archive on Scarif holds the plans; Jedha is the earlier kyber-mining location.","https://www.starwars.com/databank/scarif"
"Star Wars 1 · Foundations","TV & standalone films","Which reprogrammed Imperial security droid works with Cassian Andor?","IG-88","L3-37","K-2SO","C-3PO","K-2SO","K-2SO helps Cassian and Jyn on the Scarif mission in Rogue One.","https://www.starwars.com/databank/k-2so-kay-tuesso"
"Star Wars 1 · Foundations","TV & standalone films","Which metal is prized for Mandalorian armor?","Carbonite","Coaxium","Durasteel","Beskar","Beskar","Beskar can withstand blaster fire and lightsaber strikes.","https://www.starwars.com/databank/beskar"
"Star Wars 1 · Foundations","Cast & filmmaking","Who created Star Wars and directed the original 1977 film?","George Lucas","Steven Spielberg","Irvin Kershner","Richard Marquand","George Lucas","Lucas directed A New Hope; Kershner directed The Empire Strikes Back.","https://www.starwars.com/films/star-wars-episode-iv-a-new-hope"
"Star Wars 1 · Foundations","Cast & filmmaking","In which year did the original Star Wars film first reach US cinemas?","1975","1977","1980","1983","1977","Star Wars opened on May 25, 1977; it later became known as Episode IV: A New Hope.","https://www.starwars.com/films/star-wars-episode-iv-a-new-hope"
"Star Wars 1 · Foundations","Cast & filmmaking","Which episode number belongs to A New Hope?","I","III","IV","VI","IV","Release order begins with IV, V, VI; story order begins with I, II, III.","https://www.starwars.com/films/star-wars-episode-iv-a-new-hope"
"Star Wars 1 · Foundations","Cast & filmmaking","Who composed the scores for all nine Skywalker saga films?","Hans Zimmer","Michael Giacchino","Ludwig Göransson","John Williams","John Williams","John Williams scored Episodes I–IX; Giacchino scored Rogue One.","https://www.starwars.com/news/john-williams-birthday"
"Star Wars 1 · Foundations","Cast & filmmaking","Who plays Luke Skywalker in the original trilogy?","Mark Hamill","Harrison Ford","Hayden Christensen","Ewan McGregor","Mark Hamill","Hamill plays Luke; Ford plays Han Solo.","https://www.starwars.com/films/star-wars-episode-iv-a-new-hope"
"Star Wars 1 · Foundations","Cast & filmmaking","Who plays Princess Leia in the original trilogy?","Natalie Portman","Carrie Fisher","Daisy Ridley","Felicity Jones","Carrie Fisher","Fisher plays Leia; Portman plays her mother Padmé in the prequels.","https://www.starwars.com/films/star-wars-episode-iv-a-new-hope"
"Star Wars 1 · Foundations","Cast & filmmaking","Who supplies Darth Vader's iconic speaking voice in the original trilogy?","David Prowse","Ian McDiarmid","James Earl Jones","Peter Mayhew","James Earl Jones","James Earl Jones voices Vader; David Prowse performs the armored role.","https://www.starwars.com/news/james-earl-jones"
"Star Wars 1 · Foundations","Cast & filmmaking","Which actor plays the younger Obi-Wan in the prequel trilogy?","Alec Guinness","Liam Neeson","Hayden Christensen","Ewan McGregor","Ewan McGregor","McGregor plays the younger Obi-Wan; Guinness plays him in the original trilogy.","https://www.starwars.com/films/star-wars-episode-i-the-phantom-menace"
"Star Wars 1 · Foundations","Quotes & trivia traps","What does Vader actually say when revealing Luke's parentage in The Empire Strikes Back?","No, I am your father.","Luke, I am your father.","Yes, I am your father.","Obi-Wan is your father.","No, I am your father.","The line starts with ""No,"" not ""Luke""; it corrects Luke's claim that Vader killed his father.","https://www.starwars.com/films/star-wars-episode-v-the-empire-strikes-back"
"Star Wars 1 · Foundations","Quotes & trivia traps","In Han's Kessel Run boast, a parsec is a unit of what?","Time","Distance","Speed","Energy","Distance","A parsec measures distance, about 3.26 light-years; Han boasts of less than twelve parsecs.","https://science.nasa.gov/solar-system/cosmic-distances/"
"Star Wars 1 · Foundations","Quotes & trivia traps","Who says ""It's a trap!"" during the Battle of Endor?","Lando Calrissian","Mon Mothma","Admiral Ackbar","Wedge Antilles","Admiral Ackbar","Ackbar realizes the Rebel fleet has entered an Imperial ambush.","https://www.starwars.com/databank/admiral-ackbar"
"Star Wars 1 · Foundations","Quotes & trivia traps","How does Han reply to Leia's ""I love you"" before he is frozen?","I love you too.","Always.","May the Force be with you.","I know.","I know.","Han replies ""I know"" in The Empire Strikes Back; Leia later echoes it in Return of the Jedi.","https://www.starwars.com/films/star-wars-episode-v-the-empire-strikes-back"
"Star Wars 1 · Foundations","Quotes & trivia traps","Who says ""Do. Or do not. There is no try""?","Yoda","Obi-Wan Kenobi","Qui-Gon Jinn","Luke Skywalker","Yoda","Yoda says this while training Luke on Dagobah.","https://www.starwars.com/databank/yoda"
"Star Wars 1 · Foundations","Quotes & trivia traps","Who pilots the Millennium Falcon during the attack on the second Death Star?","Han Solo","Lando Calrissian","Luke Skywalker","Rey","Lando Calrissian","Lando flies with Nien Nunb while Han leads the mission on Endor's surface.","https://www.starwars.com/databank/millennium-falcon"
"Star Wars 1 · Foundations","Quotes & trivia traps","What color is Luke's own lightsaber blade in Return of the Jedi?","Blue","Purple","Green","Red","Green","Luke builds a green-bladed saber after losing his father's blue one on Bespin.","https://www.starwars.com/databank/luke-skywalker"
"Star Wars 1 · Foundations","Quotes & trivia traps","Which date is celebrated as Star Wars Day through a ""May the Force"" pun?","May 25","July 4","March 4","May 4","May 4","""May the Fourth be with you"" gives the celebration its date; May 25 is the original film's release date.","https://www.starwars.com/star-wars-day"
"Star Wars 2 · Film details","A New Hope","Which docking bay in Mos Eisley holds the Falcon when Luke first sees it?","94","1138","2187","327","94","Docking Bay 94 is the Mos Eisley departure point.","https://www.starwars.com/news/star-wars-trivia"
"Star Wars 2 · Film details","A New Hope","Which bounty hunter confronts Han at his cantina table?","Bossk","Greedo","Dengar","IG-88","Greedo","Greedo corners Han over his debt to Jabba.","https://www.starwars.com/news/star-wars-trivia"
"Star Wars 2 · Film details","A New Hope","What creature drags Luke under the trash-compactor water?","Rancor","Sarlacc","Dianoga","Wampa","Dianoga","A dianoga lurks beneath the garbage and shows a single eyestalk.","https://www.starwars.com/news/creature-feature-8-things-you-might-not-know-about-the-dianoga"
"Star Wars 2 · Film details","A New Hope","What is the number of Leia's Death Star prison cell?","1138","94","66","2187","2187","Cell 2187 sits in detention block AA-23; cell and block are different answers.","https://www.starwars.com/news/quiz-star-wars-a-new-hope-behind-the-scenes-trivia"
"Star Wars 2 · Film details","A New Hope","What fault makes Owen reject the red droid R5-D4?","A bad motivator","A broken antenna","A missing restraining bolt","A cracked photoreceptor","A bad motivator","R5-D4's bad motivator leads Owen to take R2-D2 instead.","https://www.starwars.com/news/star-wars-trivia"
"Star Wars 2 · Film details","A New Hope","Which Imperial officer mocks Vader's ""sorcerer's ways""?","General Veers","Admiral Motti","Captain Needa","Admiral Piett","Admiral Motti","Vader Force-chokes Motti for his lack of faith.","https://www.starwars.com/news/star-wars-trivia"
"Star Wars 2 · Film details","A New Hope","How wide is the Death Star exhaust-port target described at the Rebel briefing?","Half a meter","One meter","Two meters","Ten meters","Two meters","Luke compares the two-meter target with the womp rats he used to shoot.","https://www.starwars.com/news/star-wars-trivia-tuesday-answers"
"Star Wars 2 · Film details","A New Hope","What device fires small bolts at Luke during his first lightsaber lesson aboard the Falcon?","An interrogation droid","A probe droid","An astromech","A training remote","A training remote","Luke learns to deflect the remote's bolts without relying on his eyes.","https://www.starwars.com/news/star-wars-trivia"
"Star Wars 2 · Film details","The Empire Strikes Back","What creature attacks Luke during his patrol on Hoth?","A wampa","A tauntaun","A rancor","A nexu","A wampa","The wampa carries Luke to its ice cave.","https://www.starwars.com/news/star-wars-trivia-tuesday-answers"
"Star Wars 2 · Film details","The Empire Strikes Back","What animal does Han cut open to keep Luke warm on Hoth?","A bantha","A tauntaun","A dewback","A blurrg","A tauntaun","Tauntauns are the Rebels' mounts on Hoth; Han uses the dead animal for emergency warmth.","https://www.starwars.com/databank/tauntaun"
"Star Wars 2 · Film details","The Empire Strikes Back","What treatment helps Luke recover at Echo Base?","A carbonite chamber","An oil bath","A bacta tank","A stasis net","A bacta tank","Bacta is a healing substance used to treat Luke's injuries.","https://www.starwars.com/news/star-wars-trivia"
"Star Wars 2 · Film details","The Empire Strikes Back","Which commander leads the Imperial ground assault on Hoth?","Grand Moff Tarkin","Admiral Ozzel","Captain Needa","General Veers","General Veers","Veers commands the walkers; fleet officers oversee the space blockade.","https://www.starwars.com/news/star-wars-trivia"
"Star Wars 2 · Film details","The Empire Strikes Back","What gas does Cloud City mine?","Tibanna","Coaxium","Bacta","Rhydonium","Tibanna","Cloud City extracts tibanna gas from Bespin's lower atmosphere.","https://www.starwars.com/news/star-wars-trivia"
"Star Wars 2 · Film details","The Empire Strikes Back","To which bounty hunter does Vader specifically say ""No disintegrations""?","Dengar","Boba Fett","Bossk","Zuckuss","Boba Fett","Vader wants the Falcon's passengers alive and singles out Boba.","https://www.starwars.com/news/star-wars-trivia"
"Star Wars 2 · Film details","The Empire Strikes Back","What is the name of Vader's Super Star Destroyer flagship?","Ravager","Devastator","Executor","Chimaera","Executor","Executor is Vader's flagship; Devastator pursues Leia in A New Hope.","https://www.starwars.com/news/star-wars-trivia"
"Star Wars 2 · Film details","The Empire Strikes Back","Who restores the Falcon's hyperdrive during its escape from Bespin?","Han Solo","Lando Calrissian","C-3PO","R2-D2","R2-D2","R2-D2 discovers the Imperials disabled the hyperdrive and reactivates it.","https://www.starwars.com/databank/millennium-falcon"
"Star Wars 2 · Film details","Return of the Jedi","Which creature does Luke fight beneath Jabba's throne room?","A rancor","A sarlacc","A dianoga","An acklay","A rancor","The rancor lives in Jabba's pit; the sarlacc lives outside in the desert.","https://www.starwars.com/databank/rancor"
"Star Wars 2 · Film details","Return of the Jedi","Which creature inhabits the Great Pit of Carkoon?","A krayt dragon","A sarlacc","A wampa","A reek","A sarlacc","Jabba sentences his prisoners to the sarlacc in the Dune Sea.","https://www.starwars.com/news/star-wars-trivia-tuesday-answers"
"Star Wars 2 · Film details","Return of the Jedi","What explosive does the disguised Leia use to threaten Jabba?","A proton torpedo","A seismic charge","A thermal detonator","An ion mine","A thermal detonator","Leia, disguised as Boushh, produces a thermal detonator during negotiations.","https://www.starwars.com/news/star-wars-trivia-tuesday-answers"
"Star Wars 2 · Film details","Return of the Jedi","What temporary disability does Han experience after leaving carbonite?","Deafness","Loss of speech","Amnesia","Blindness","Blindness","Hibernation sickness temporarily leaves Han unable to see.","https://www.starwars.com/news/star-wars-trivia"
"Star Wars 2 · Film details","Return of the Jedi","Which stolen Imperial shuttle carries Han's team to Endor?","Tydirium","Tantive IV","Rogue One","The Phantom","Tydirium","Tydirium is a Lambda-class shuttle with an older clearance code.","https://www.starwars.com/news/star-wars-trivia-tuesday-answers"
"Star Wars 2 · Film details","Return of the Jedi","What do the Ewoks initially believe C-3PO is?","An Imperial spy","A god","A bounty hunter","A lost king","A god","The Ewoks revere the golden droid, helping the Rebels win their trust.","https://www.starwars.com/databank/c-3po"
"Star Wars 2 · Film details","Return of the Jedi","Who greets Luke at the entrance to Jabba's palace?","Max Rebo","Salacious Crumb","Bib Fortuna","Boba Fett","Bib Fortuna","Bib Fortuna is Jabba's Twi'lek majordomo.","https://www.starwars.com/news/star-wars-trivia"
"Star Wars 2 · Film details","Return of the Jedi","Who keeps Jabba's rancor and mourns after Luke kills it?","Oola","Nien Nunb","Ponda Baba","Malakili","Malakili","Malakili is the distraught rancor keeper.","https://www.starwars.com/news/star-wars-trivia-tuesday-answers"
"Star Wars 2 · Film details","Prequels: people","Who enslaves Anakin and his mother when Qui-Gon meets them?","Watto","Sebulba","Boss Nass","Nute Gunray","Watto","Watto owns the junk shop; Sebulba is Anakin's podracing rival.","https://www.starwars.com/databank/watto"
"Star Wars 2 · Film details","Prequels: people","What is Anakin's mother's name?","Sabé","Shmi","Beru","Breha","Shmi","Shmi Skywalker later marries Cliegg Lars.","https://www.starwars.com/databank/shmi-skywalker-lars"
"Star Wars 2 · Film details","Prequels: people","Who is Anakin's main rival in the Boonta Eve podrace?","Watto","Gasgano","Sebulba","Jar Jar Binks","Sebulba","Sebulba uses dirty tactics to try to stop Anakin.","https://www.starwars.com/databank/sebulba"
"Star Wars 2 · Film details","Prequels: people","Which name does Count Dooku use as a Sith?","Darth Bane","Darth Plagueis","Darth Sidious","Darth Tyranus","Darth Tyranus","Dooku serves Sidious under the name Tyranus.","https://www.starwars.com/databank/count-dooku"
"Star Wars 2 · Film details","Prequels: people","Who trained Qui-Gon Jinn when he was a Padawan?","Count Dooku","Mace Windu","Obi-Wan Kenobi","Ki-Adi-Mundi","Count Dooku","The teaching chain includes Yoda, Dooku, Qui-Gon, Obi-Wan, and Anakin.","https://www.starwars.com/databank/count-dooku"
"Star Wars 2 · Film details","Prequels: people","Who secretly commissions the clone army before the Sith take over the project?","Mace Windu","Sifo-Dyas","Obi-Wan Kenobi","Qui-Gon Jinn","Sifo-Dyas","Sifo-Dyas orders the army; Dooku and Sidious later manipulate the project.","https://www.starwars.com/databank/sifo-dyas"
"Star Wars 2 · Film details","Prequels: people","Who identifies the Kaminoan saberdart for Obi-Wan?","Jocasta Nu","Lama Su","Dexter Jettster","Captain Typho","Dexter Jettster","Obi-Wan visits Dexter's Diner after the Jedi analysis droids fail to identify it.","https://www.starwars.com/news/star-wars-trivia-tuesday-answers"
"Star Wars 2 · Film details","Prequels: people","Which Jedi kills Jango Fett in the Geonosis arena?","Yoda","Anakin Skywalker","Obi-Wan Kenobi","Mace Windu","Mace Windu","Mace beheads Jango during the arena battle in Attack of the Clones.","https://www.starwars.com/databank/jango-fett"
"Star Wars 2 · Film details","Prequels: events","What race does Anakin win to secure his freedom?","Boonta Eve Classic","Galactic Grand Prix","Kessel Rally","Coruscant Open","Boonta Eve Classic","The Boonta Eve Classic takes place outside Mos Espa on Tatooine.","https://www.starwars.com/databank/boonta-eve-classic-podracer-pilots"
"Star Wars 2 · Film details","Prequels: events","Which organization blockades Naboo in The Phantom Menace?","Banking Clan","Trade Federation","Techno Union","Mining Guild","Trade Federation","Nute Gunray leads the Trade Federation's invasion of Naboo.","https://www.starwars.com/databank/trade-federation"
"Star Wars 2 · Film details","Prequels: events","What species is Jar Jar Binks?","Neimoidian","Toydarian","Gungan","Dug","Gungan","The Gungans share Naboo with its human population.","https://www.starwars.com/databank/jar-jar-binks"
"Star Wars 2 · Film details","Prequels: events","Which planet hosts the battle that begins the Clone Wars?","Kamino","Utapau","Naboo","Geonosis","Geonosis","The Republic clone army first enters battle on Geonosis in Episode II.","https://www.starwars.com/databank/geonosis"
"Star Wars 2 · Film details","Prequels: events","On which planet does Obi-Wan defeat General Grievous?","Utapau","Mustafar","Felucia","Mygeeto","Utapau","Obi-Wan pursues Grievous through the sinkhole city of Pau City on Utapau.","https://www.starwars.com/databank/utapau"
"Star Wars 2 · Film details","Prequels: events","Which Wookiee world does Yoda help defend in Revenge of the Sith?","Endor","Kashyyyk","Ryloth","Dagobah","Kashyyyk","Yoda fights alongside the Wookiees on Kashyyyk before Order 66.","https://www.starwars.com/news/star-wars-trivia-tuesday-answers"
"Star Wars 2 · Film details","Prequels: events","Who kills Count Dooku at the start of Revenge of the Sith?","Obi-Wan Kenobi","Yoda","Anakin Skywalker","General Grievous","Anakin Skywalker","Palpatine urges Anakin to execute the defeated Dooku.","https://www.starwars.com/databank/count-dooku"
"Star Wars 2 · Film details","Prequels: events","Which location is Luke and Leia's birthplace?","Tatooine","Alderaan","Naboo","Polis Massa","Polis Massa","The twins are born at the medical facility on Polis Massa and raised separately.","https://www.starwars.com/databank/polis-massa"
"Star Wars 2 · Film details","Sequel details","On which planet does Maz Kanata run her castle?","Takodana","Jakku","Crait","Kef Bir","Takodana","The travelers visit Maz on Takodana in The Force Awakens.","https://www.starwars.com/databank/takodana"
"Star Wars 2 · Film details","Sequel details","What is Captain Phasma's armor's distinctive finish?","Matte black","Reflective chrome","Bright red","Gold","Reflective chrome","Phasma's chrome armor distinguishes her from white-armored stormtroopers.","https://www.starwars.com/databank/captain-phasma"
"Star Wars 2 · Film details","Sequel details","Which Resistance mechanic accompanies Finn to Canto Bight?","Kaydel Connix","Jannah","Rose Tico","Zorii Bliss","Rose Tico","Rose and Finn search for a codebreaker in The Last Jedi.","https://www.starwars.com/databank/rose-tico"
"Star Wars 2 · Film details","Sequel details","What white material covers the red ground on Crait?","Snow","Ash","Sand","Salt","Salt","Crait's salt crust makes it look snowy, but the exposed mineral beneath is red.","https://www.starwars.com/databank/crait"
"Star Wars 2 · Film details","Sequel details","Who rams the Supremacy with the Raddus at lightspeed?","Vice Admiral Holdo","Leia Organa","Poe Dameron","Admiral Ackbar","Vice Admiral Holdo","Holdo sacrifices the cruiser so the remaining Resistance can escape.","https://www.starwars.com/databank/amilyn-holdo"
"Star Wars 2 · Film details","Sequel details","Who admits to being the spy helping the Resistance in The Rise of Skywalker?","Allegiant General Pryde","General Hux","Captain Phasma","DJ","General Hux","Hux helps because he wants Kylo Ren to lose, not because he supports the Resistance.","https://www.starwars.com/databank/general-hux"
"Star Wars 2 · Film details","Sequel details","On which Sith world does the final battle of The Rise of Skywalker take place?","Moraband","Mustafar","Exegol","Dathomir","Exegol","Palpatine and the Final Order fleet are hidden on Exegol.","https://www.starwars.com/databank/exegol"
"Star Wars 2 · Film details","Sequel details","Which tiny droidsmith helps the heroes access C-3PO's forbidden translation?","Unkar Plutt","Watto","D-O","Babu Frik","Babu Frik","Babu Frik works on C-3PO on Kijimi.","https://www.starwars.com/databank/babu-frik"
"Star Wars 2 · Film details","Rogue One","What nickname does Galen use for Jyn, also found in the Death Star project files?","Stardust","Starlight","Starkiller","Sunbeam","Stardust","Jyn recognizes Stardust when searching the Scarif archive.","https://www.starwars.com/databank/galen-erso"
"Star Wars 2 · Film details","Rogue One","Which Imperial director oversees the Death Star weapons project in Rogue One?","Wilhuff Tarkin","Orson Krennic","Wullf Yularen","Galen Erso","Orson Krennic","Krennic heads Advanced Weapons Research and wears a white uniform and cape.","https://www.starwars.com/databank/director-orson-krennic"
"Star Wars 2 · Film details","Rogue One","Which blind warrior repeats ""I am one with the Force, and the Force is with me""?","Baze Malbus","Saw Gerrera","Chirrut Îmwe","Bodhi Rook","Chirrut Îmwe","Chirrut is a devoted warrior monk from Jedha, not a Jedi Knight.","https://www.starwars.com/databank/chirrut-imwe"
"Star Wars 2 · Film details","Rogue One","Who is Chirrut's heavily armed friend?","Cassian Andor","Ruescott Melshi","Moroff","Baze Malbus","Baze Malbus","Baze's pragmatism contrasts with Chirrut's spiritual outlook.","https://www.starwars.com/databank/baze-malbus"
"Star Wars 2 · Film details","Rogue One","Which Imperial cargo pilot defects and brings Galen's message?","Bodhi Rook","Poe Dameron","Wedge Antilles","Tobias Beckett","Bodhi Rook","Bodhi defects from the Empire and helps fly the Scarif mission.","https://www.starwars.com/databank/bodhi-rook"
"Star Wars 2 · Film details","Rogue One","Who raises Jyn after she is separated from her parents?","Bail Organa","Saw Gerrera","Galen Marek","Mon Mothma","Saw Gerrera","Saw shelters Jyn and trains her among his Partisans.","https://www.starwars.com/databank/saw-gerrera"
"Star Wars 2 · Film details","Rogue One","Which holy city is struck during the Death Star's first test shown in Rogue One?","Mos Eisley","Theed","Jedha City","Tipoca City","Jedha City","Krennic orders a single-reactor ignition against Jedha City.","https://www.starwars.com/databank/jedha"
"Star Wars 2 · Film details","Rogue One","Which film's opening follows directly after Rogue One's ending?","The Empire Strikes Back","Solo","Revenge of the Sith","A New Hope","A New Hope","The plans reach Leia aboard the Tantive IV before Vader pursues her.","https://www.starwars.com/databank/princess-leia-organa"
"Star Wars 2 · Film details","Solo","Which planet is Han's childhood home in Solo?","Corellia","Tatooine","Kessel","Vandor","Corellia","Young Han lives in the White Worms gang on Corellia.","https://www.starwars.com/databank/han-solo"
"Star Wars 2 · Film details","Solo","Which professional thief takes young Han into his crew?","Dryden Vos","Tobias Beckett","Enfys Nest","Lando Calrissian","Tobias Beckett","Beckett recruits Han and Chewbacca for the Vandor train heist.","https://www.starwars.com/databank/tobias-beckett"
"Star Wars 2 · Film details","Solo","What volatile hyperfuel does Beckett's crew try to steal?","Tibanna","Bacta","Coaxium","Beskar","Coaxium","Unrefined coaxium from Kessel must be handled carefully and refined quickly.","https://www.starwars.com/databank/coaxium"
"Star Wars 2 · Film details","Solo","Which crime syndicate does Dryden Vos represent?","Black Sun","Hutt Cartel","Pyke Syndicate","Crimson Dawn","Crimson Dawn","Beckett owes Crimson Dawn after the failed Vandor job.","https://www.starwars.com/databank/tobias-beckett"
"Star Wars 2 · Film details","Solo","Which masked leader commands the Cloud-Riders?","Enfys Nest","Qi'ra","Val","Lady Proxima","Enfys Nest","Enfys reveals that her raids support resistance to criminal oppression.","https://www.starwars.com/databank/enfys-nest"
"Star Wars 2 · Film details","Solo","Which droid's navigation data becomes part of the Millennium Falcon?","K-2SO","L3-37","R2-D2","IG-11","L3-37","Lando uploads L3's neural core after she is damaged on Kessel.","https://www.starwars.com/databank/l3-37"
"Star Wars 2 · Film details","Solo","What card game decides ownership of the Falcon between Han and Lando?","Dejarik","Pazaak","Sabacc","Sabaac chess","Sabacc","Han wins the ship in sabacc; dejarik is the holographic board game.","https://www.starwars.com/databank/millennium-falcon"
"Star Wars 2 · Film details","Solo","On which muddy battlefield does Han first meet Chewbacca?","Scarif","Geonosis","Hoth","Mimban","Mimban","Han meets Chewie while serving as an Imperial mudtrooper on Mimban.","https://www.starwars.com/databank/han-solo"
"Star Wars 3 · TV & series","The Clone Wars","Which clone captain is most closely associated with Anakin and Ahsoka's campaigns?","Rex","Wolffe","Cody","Gregor","Rex","Rex serves Anakin and Ahsoka; Cody usually serves alongside Obi-Wan.","https://www.starwars.com/databank/clone-captain-rex"
"Star Wars 3 · TV & series","The Clone Wars","Which assassin trained by Count Dooku later turns against him?","Aurra Sing","Asajj Ventress","Zam Wesell","Fennec Shand","Asajj Ventress","Dooku abandons Ventress on Sidious's orders, provoking her revenge.","https://www.starwars.com/databank/count-dooku"
"Star Wars 3 · TV & series","The Clone Wars","Which brother finds Maul alive after his apparent death on Naboo?","Feral","Pre Vizsla","Savage Opress","Dryden Vos","Savage Opress","Mother Talzin sends Savage to find his surviving brother.","https://www.starwars.com/databank/savage-opress"
"Star Wars 3 · TV & series","The Clone Wars","Who leads the Nightsisters on Dathomir during the Clone Wars?","Luminara Unduli","Shaak Ti","Duchess Satine","Mother Talzin","Mother Talzin","Talzin is a powerful Nightsister and Maul's mother.","https://www.starwars.com/databank/mother-talzin"
"Star Wars 3 · TV & series","The Clone Wars","Which pacifist duchess of Mandalore shares a romantic past with Obi-Wan?","Satine Kryze","Bo-Katan Kryze","Ursa Wren","Rook Kast","Satine Kryze","Satine leads the New Mandalorians; her sister Bo-Katan follows a different path.","https://www.starwars.com/databank/duchess-satine-kryze"
"Star Wars 3 · TV & series","The Clone Wars","Which ARC trooper investigates the inhibitor-chip conspiracy with AZI-3?","Echo","Fives","Hevy","Jesse","Fives","Fives investigates after Tup kills a Jedi and discovers the implanted chips.","https://www.starwars.com/databank/azi-3"
"Star Wars 3 · TV & series","The Clone Wars","Who is exposed as the Jedi behind the Temple bombing that Ahsoka was blamed for?","Luminara Unduli","Shaak Ti","Barriss Offee","Jocasta Nu","Barriss Offee","Barriss frames Ahsoka; the ordeal leads Ahsoka to leave the Order.","https://www.starwars.com/databank/barriss-offee"
"Star Wars 3 · TV & series","The Clone Wars","Which blue-skinned bounty hunter uses rocket boots and wears a wide-brimmed hat?","Hondo Ohnaka","Embo","Bossk","Cad Bane","Cad Bane","Cad Bane is a ruthless hunter from Duro with twin blasters and specialized equipment.","https://www.starwars.com/databank/cad-bane"
"Star Wars 3 · TV & series","Rebels","Who becomes Ezra Bridger's Jedi teacher?","Kanan Jarrus","Cal Kestis","Quinlan Vos","Luke Skywalker","Kanan Jarrus","Teaching Ezra helps Kanan embrace his own Jedi identity again.","https://www.starwars.com/databank/kanan-jarrus"
"Star Wars 3 · TV & series","Rebels","On which planet does Ezra grow up as an orphan?","Ryloth","Lothal","Coruscant","Jedha","Lothal","Ezra joins the Ghost crew on Lothal and fights for its liberation.","https://www.starwars.com/databank/ezra-bridger"
"Star Wars 3 · TV & series","Rebels","Which freighter serves as Hera Syndulla's mobile rebel base?","Razor Crest","Stinger Mantis","Ghost","Outrider","Ghost","The Ghost is a customized VCX-100 light freighter.","https://www.starwars.com/databank/the-ghost"
"Star Wars 3 · TV & series","Rebels","What species is Garazeb ""Zeb"" Orrelios?","Wookiee","Bothan","Trandoshan","Lasat","Lasat","Zeb is a former Lasat honor guard and the Ghost crew's muscle.","https://www.starwars.com/databank/zeb-orrelios"
"Star Wars 3 · TV & series","Rebels","Which designation belongs to the droid nicknamed Chopper?","C1-10P","R4-P17","AP-5","C-21","C1-10P","C1-10P is Hera's cranky astromech companion.","https://www.starwars.com/databank/chopper"
"Star Wars 3 · TV & series","Rebels","Which Ghost crew member is a Mandalorian graffiti artist and explosives expert?","Hera Syndulla","Sabine Wren","Ahsoka Tano","Agent Kallus","Sabine Wren","Sabine's starbird artwork helps inspire the Rebel Alliance emblem.","https://www.starwars.com/databank/sabine-wren"
"Star Wars 3 · TV & series","Rebels","What name did Kanan Jarrus use before going into hiding?","Cade Skywalker","Jaro Tapal","Caleb Dume","Galen Marek","Caleb Dume","Caleb Dume adopts the name Kanan Jarrus after surviving Order 66.","https://www.starwars.com/databank/kanan-jarrus"
"Star Wars 3 · TV & series","Rebels","Which species does Grand Admiral Thrawn belong to?","Duros","Pantoran","Twi'lek","Chiss","Chiss","Thrawn comes from the Chiss Ascendancy and is known for blue skin and red eyes.","https://www.starwars.com/databank/grand-admiral-thrawn"
"Star Wars 3 · TV & series","The Mandalorian","What is Din Djarin's main ship in the first season?","Razor Crest","Slave I","Ghost","Tantive IV","Razor Crest","The Razor Crest serves as Din's transport and living quarters.","https://www.starwars.com/databank/razor-crest"
"Star Wars 3 · TV & series","The Mandalorian","Which phrase affirms the creed of Din's Mandalorian covert?","For the Republic","This is the Way","One way out","Rebellions are built on hope","This is the Way","""This is the Way"" affirms the group's traditions and shared code.","https://www.starwars.com/databank/the-mandalorian"
"Star Wars 3 · TV & series","The Mandalorian","Who forges armor and preserves the traditions of Din's covert?","Peli Motto","Bo-Katan Kryze","The Armorer","Fennec Shand","The Armorer","The Armorer forges beskar and guides the covert in its ancient traditions.","https://www.starwars.com/databank/the-armorer"
"Star Wars 3 · TV & series","The Mandalorian","Which Ugnaught ally is known for saying ""I have spoken""?","Greef Karga","Paz Vizsla","Mythrol","Kuiil","Kuiil","Kuiil helps Din on Arvala-7 and later reprograms IG-11.","https://www.starwars.com/databank/kuiil"
"Star Wars 3 · TV & series","The Mandalorian","Who offers Din bounty work for the Guild in season 1?","Greef Karga","Cobb Vanth","Moff Gideon","Gorian Shard","Greef Karga","Greef Karga represents the Bounty Hunters Guild on Nevarro.","https://www.starwars.com/databank/the-mandalorian"
"Star Wars 3 · TV & series","The Mandalorian","Who emerges holding the Darksaber at the end of season 1?","Bo-Katan Kryze","Moff Gideon","Boba Fett","The Armorer","Moff Gideon","Gideon cuts his way out of his crashed TIE fighter with the Darksaber.","https://www.starwars.com/databank/moff-gideon"
"Star Wars 3 · TV & series","The Mandalorian","What model of small starfighter does Peli Motto help Din acquire after losing his original ship?","A-wing","TIE Advanced","N-1 starfighter","Jedi interceptor","N-1 starfighter","Din's modified N-1 is a Naboo starfighter rebuilt on Tatooine.","https://www.starwars.com/databank/the-mandalorian"
"Star Wars 3 · TV & series","The Mandalorian","Which Jedi arrives to rescue Grogu from Gideon's cruiser in the season 2 finale?","Ezra Bridger","Ahsoka Tano","Cal Kestis","Luke Skywalker","Luke Skywalker","Luke answers Grogu's call through the Force and offers to train him.","https://www.starwars.com/databank/grogu"
"Star Wars 3 · TV & series","Andor: season 1","Which salvage-market world is Cassian's adoptive home?","Ferrix","Kenari","Niamos","Aldhani","Ferrix","Cassian grows up on Ferrix after Maarva takes him from Kenari.","https://www.starwars.com/databank/maarva-andor"
"Star Wars 3 · TV & series","Andor: season 1","Who is Cassian Andor's adoptive mother?","Mon Mothma","Maarva Andor","Bix Caleen","Kleya Marki","Maarva Andor","Maarva and Clem adopt the boy called Kassa and rename him Cassian.","https://www.starwars.com/databank/maarva-andor"
"Star Wars 3 · TV & series","Andor: season 1","Which world hosts the Imperial payroll heist timed to a celestial ""Eye""?","Ferrix","Narkina 5","Aldhani","Ghorman","Aldhani","The Aldhani rebels use the Eye's spectacle to cover their escape.","https://www.starwars.com/databank/aldhani"
"Star Wars 3 · TV & series","Andor: season 1","Where is Cassian imprisoned in a factory complex with electrified floors?","Scarif","Wobani","Kessel","Narkina 5","Narkina 5","The Narkina 5 prison forces inmates to manufacture components for the Empire.","https://www.starwars.com/databank/narkina-5"
"Star Wars 3 · TV & series","Andor: season 1","What does Kino Loy reveal he cannot do during the prison escape?","Swim","Read","Pilot","Climb","Swim","Kino helps free the prisoners but cannot swim away from the water-surrounded prison.","https://www.starwars.com/news/andor-episode-10-one-way-out-highlights"
"Star Wars 3 · TV & series","Andor: season 1","What civilian business does Luthen use as his cover on Coruscant?","A repair shop","An antiquities dealership","A restaurant","A medical clinic","An antiquities dealership","Luthen poses as an eccentric antiquities dealer while organizing resistance.","https://www.starwars.com/databank/luthen-rael"
"Star Wars 3 · TV & series","Andor: season 1","Which planet does Senator Mon Mothma represent?","Alderaan","Naboo","Chandrila","Corellia","Chandrila","Mon Mothma is Chandrila's senator and a secret supporter of rebellion.","https://www.starwars.com/news/andor-season-2-interview-tony-gilroy"
"Star Wars 3 · TV & series","Andor: season 1","Which aging salvage droid belongs to the Andor family?","K-2SO","AP-5","B1-OB","B2EMO","B2EMO","Bee is a loyal groundmech salvage-assist droid with failing power reserves.","https://www.starwars.com/databank/b2emo"
"Star Wars 3 · TV & series","Andor & Obi-Wan Kenobi","Which planet suffers the massacre Mon Mothma condemns in Andor season 2?","Ghorman","Aldhani","Naboo","Mina-Rau","Ghorman","The Ghorman massacre pushes Mon Mothma into open opposition to the Emperor.","https://www.starwars.com/news/andor-season-2-interview-tony-gilroy"
"Star Wars 3 · TV & series","Andor & Obi-Wan Kenobi","Which mineral drives the Empire's interest in Ghorman in Andor season 2?","Coaxium","Kalkite","Beskar","Cortosis","Kalkite","Kalkite is needed to coat the Death Star's reactor lenses.","https://www.starwars.com/databank/director-orson-krennic"
"Star Wars 3 · TV & series","Andor & Obi-Wan Kenobi","Who works beside Luthen at his gallery and helps manage his rebel network?","Vel Sartha","Dedra Meero","Kleya Marki","Cinta Kaz","Kleya Marki","Luthen rescued Kleya as a child; she becomes his trusted partner.","https://www.starwars.com/databank/luthen-rael"
"Star Wars 3 · TV & series","Andor & Obi-Wan Kenobi","Which rebel recruit on Aldhani records an idealistic manifesto?","Arvel Skeen","Taramyn Barcona","Lieutenant Gorn","Karis Nemik","Karis Nemik","Nemik's ideas continue to influence Cassian after the heist.","https://www.starwars.com/news/andor-season-2-interview-tony-gilroy"
"Star Wars 3 · TV & series","Andor & Obi-Wan Kenobi","Whose kidnapping draws Obi-Wan out of hiding in the Obi-Wan Kenobi series?","Young Leia","Young Luke","Grogu","Ezra Bridger","Young Leia","Bail Organa asks Obi-Wan to rescue Leia after she is taken from Alderaan.","https://www.starwars.com/databank/princess-leia-organa"
"Star Wars 3 · TV & series","Andor & Obi-Wan Kenobi","Which Inquisitor is also called the Third Sister?","Trilla Suduri","Reva","Barriss Offee","Lyn Rakish","Reva","Reva hunts Obi-Wan and conceals a personal vendetta against Vader.","https://www.starwars.com/databank/reva-third-sister"
"Star Wars 3 · TV & series","Andor & Obi-Wan Kenobi","On which watery moon stands Fortress Inquisitorius?","Kamino","Mustafar","Nur","Kef Bir","Nur","Nur is a moon in the Mustafar system; the fortress rises from its seas.","https://www.starwars.com/databank/fortress-inquisitorius"
"Star Wars 3 · TV & series","Andor & Obi-Wan Kenobi","What is the escape network helping hunted Jedi and Force-sensitive people in Obi-Wan Kenobi called?","The Guild","The Collective","The Watch","The Path","The Path","The Path provides safe houses, new identities, and routes away from the Empire.","https://www.starwars.com/obi-wan-kenobi-part-v-story-gallery"
"Star Wars 3 · TV & series","The Bad Batch","What is the Bad Batch's official unit designation?","Clone Force 99","501st Legion","212th Attack Battalion","Domino Squad","Clone Force 99","Clone Force 99 originally consists of Hunter, Wrecker, Tech, and Crosshair.","https://www.starwars.com/databank/clone-force-99-bad-batch"
"Star Wars 3 · TV & series","The Bad Batch","Which squad leader has enhanced tracking senses?","Crosshair","Hunter","Echo","Tech","Hunter","Hunter's keen senses help him track targets and assess his surroundings.","https://www.starwars.com/databank/hunter"
"Star Wars 3 · TV & series","The Bad Batch","Which Bad Batch member specializes in computers and technical analysis?","Wrecker","Hunter","Tech","Crosshair","Tech","Tech can solve technical problems faster than many droids.","https://www.starwars.com/databank/tech"
"Star Wars 3 · TV & series","The Bad Batch","What is the name of Wrecker's tooka doll?","Numa","Bee","Boga","Lula","Lula","Lula is Wrecker's soft toy and also comforts Omega.","https://www.starwars.com/news/star-wars-trivia"
"Star Wars 3 · TV & series","The Bad Batch","Who works as Nala Se's medical assistant before joining Clone Force 99?","Omega","Emerie Karr","Phee Genoa","Cid","Omega","Omega spends her early life in Tipoca City on Kamino.","https://www.starwars.com/databank/omega"
"Star Wars 3 · TV & series","The Bad Batch","Which Bad Batch member is the squad's sniper?","Echo","Crosshair","Wrecker","Hunter","Crosshair","Crosshair's enhanced eyesight gives him exceptional long-range accuracy.","https://www.starwars.com/databank/crosshair"
"Star Wars 3 · TV & series","The Bad Batch","Which presumed-dead ARC trooper is rescued on Skako Minor and joins the Bad Batch?","Fives","Hevy","Echo","Jesse","Echo","Rex helps rescue Echo after discovering the Separatists are using him.","https://www.starwars.com/databank/tech"
"Star Wars 3 · TV & series","The Bad Batch","Which island refuge offers Omega and the squad a peaceful home?","Ord Mantell","Tantiss","Ryloth","Pabu","Pabu","Phee Genoa introduces the squad to the refugee community on Pabu.","https://www.starwars.com/databank/pabu"
"Star Wars 3 · TV & series","Ahsoka","On which world in another galaxy are Ezra and Thrawn found?","Peridea","Seatos","Arcana","Malachor","Peridea","Peridea lies at the end of an intergalactic purrgil migration route.","https://www.starwars.com/databank/peridea"
"Star Wars 3 · TV & series","Ahsoka","Which space-whales can naturally travel through hyperspace?","Mynocks","Purrgil","Exogorths","Porgs","Purrgil","Purrgil use interstellar gases to fuel their natural hyperspace jumps.","https://www.starwars.com/databank/purrgil"
"Star Wars 3 · TV & series","Ahsoka","Which ancient droid helps young Jedi construct their lightsabers?","Chopper","AP-5","Huyang","B2EMO","Huyang","Professor Huyang preserves centuries of lightsaber designs and Jedi knowledge.","https://www.starwars.com/databank/professor-huyang"
"Star Wars 3 · TV & series","Ahsoka","Who is Baylan Skoll's apprentice?","Sabine Wren","Morgan Elsbeth","Merrin","Shin Hati","Shin Hati","Shin and Baylan work as mercenaries allied with Morgan Elsbeth.","https://www.starwars.com/databank/shin-hati"
"Star Wars 3 · TV & series","Ahsoka","Morgan Elsbeth belongs to which tradition of witches?","Nightsisters","Jedi Consulars","Guardians of the Whills","Sisters of the Ninth Door","Nightsisters","Morgan is a survivor of the Nightsisters of Dathomir.","https://www.starwars.com/databank/morgan-elsbeth"
"Star Wars 3 · TV & series","Ahsoka","Who are Jacen Syndulla's parents?","Han and Leia","Hera and Kanan","Anakin and Padmé","Ezra and Sabine","Hera and Kanan","Jacen is the son of Hera Syndulla and Kanan Jarrus.","https://www.starwars.com/jacen-syndulla"
"Star Wars 3 · TV & series","Ahsoka","What enormous hyperspace transport does Morgan build to reach Thrawn?","The Supremacy","The Crucible","The Eye of Sion","The Malevolence","The Eye of Sion","The Eye of Sion is a giant hyperspace ring used for the intergalactic journey.","https://www.starwars.com/databank/morgan-elsbeth"
"Star Wars 3 · TV & series","Ahsoka","What does Thrawn study to understand his enemies' behavior?","Their horoscopes","Only their weapons","Their food supplies alone","Their art and culture","Their art and culture","Thrawn believes art reveals how a people thinks and fights.","https://www.starwars.com/databank/grand-admiral-thrawn"
"Star Wars 3 · TV & series","Other series","Which assassin becomes Boba Fett's closest partner in The Book of Boba Fett?","Fennec Shand","Aurra Sing","Zam Wesell","Asajj Ventress","Fennec Shand","Fennec helps Boba build and defend his position on Tatooine.","https://www.starwars.com/databank/fennec-shand"
"Star Wars 3 · TV & series","Other series","Who faces Boba Fett in the finale's western-style street duel?","Bossk","Cad Bane","Dengar","Embo","Cad Bane","Cad Bane works for the Pykes and confronts his former protégé.","https://www.starwars.com/databank/cad-bane"
"Star Wars 3 · TV & series","Other series","What species is the black-furred bounty hunter Krrsantan?","Lasat","Ewok","Wookiee","Wampa","Wookiee","Krrsantan is a Wookiee gladiator turned bounty hunter.","https://www.starwars.com/databank/krrsantan"
"Star Wars 3 · TV & series","Other series","Who is the marshal of Mos Pelgo who wears Boba's recovered armor?","Greef Karga","Tobias Beckett","Boba Fett","Cobb Vanth","Cobb Vanth","Cobb buys the armor from Jawas and uses it to protect his town.","https://www.starwars.com/databank/cobb-vanth"
"Star Wars 3 · TV & series","Other series","Which anthology begins with nine anime shorts made by Japanese studios?","Star Wars: Visions","Tales of the Jedi","Star Wars Resistance","Forces of Destiny","Star Wars: Visions","Visions volume 1 presents independent anime interpretations of Star Wars.","https://www.starwars.com/series/star-wars-visions"
"Star Wars 3 · TV & series","Other series","Which orderly planet is home to the four children in Skeleton Crew?","At Achrann","At Attin","Lothal","Alderaan","At Attin","Wim, Neel, Fern, and KB begin their journey on At Attin.","https://www.starwars.com/databank/at-attin"
"Star Wars 3 · TV & series","Other series","Which ship takes the Skeleton Crew children away from home?","Crimson Firehawk","Ghost","Onyx Cinder","Jade Shadow","Onyx Cinder","The children discover the buried Onyx Cinder and accidentally leave their world.","https://www.starwars.com/databank/onyx-cinder"
"Star Wars 3 · TV & series","Other series","Which pair are the twin sisters at the center of The Acolyte?","Ahsoka and Barriss","Satine and Bo-Katan","Rey and Rose","Mae and Osha","Mae and Osha","Mae and Osha Aniseya grow up in a coven on Brendok.","https://www.starwars.com/databank/mae"
"Star Wars 4 · Deep cuts","Jedi & Sith lore","Which ancient Sith Lord establishes the Rule of Two?","Darth Bane","Darth Maul","Darth Vader","Darth Tyranus","Darth Bane","Bane limits the Sith to a master and an apprentice to curb destructive infighting.","https://www.starwars.com/databank/darth-bane"
"Star Wars 4 · Deep cuts","Jedi & Sith lore","Which first Mandalorian Jedi creates the Darksaber?","Pre Vizsla","Tarre Vizsla","Paz Vizsla","Din Djarin","Tarre Vizsla","Tarre creates the blade; Pre Vizsla wields it much later during the Clone Wars.","https://www.starwars.com/news/mandalorian-history"
"Star Wars 4 · Deep cuts","Jedi & Sith lore","What is the usual title for a Jedi apprentice assigned to a teacher?","Inquisitor","Grand Master","Padawan","Senator","Padawan","Ahsoka becomes Anakin's Padawan at age fourteen.","https://www.starwars.com/databank/ahsoka-tano"
"Star Wars 4 · Deep cuts","Jedi & Sith lore","Which artifact stores teachings that require the Force to unlock?","Datapad","Holopuck","Comlink","Holocron","Holocron","Jedi and Sith holocrons preserve knowledge for later generations.","https://www.starwars.com/databank/jedi-holocron"
"Star Wars 4 · Deep cuts","Jedi & Sith lore","What microscopic life forms help living beings communicate with the Force?","Midi-chlorians","Kyber particles","Nanodroids","Mynocks","Midi-chlorians","Midi-chlorians live symbiotically inside cells; they are not the Force itself.","https://www.starwars.com/news/so-what-the-heck-are-midi-chlorians"
"Star Wars 4 · Deep cuts","Jedi & Sith lore","Where do younglings seek lightsaber crystals during the Gathering in The Clone Wars?","Jedha","Ilum","Dagobah","Moraband","Ilum","The Gathering takes younglings into Ilum's crystal caves.","https://www.starwars.com/news/star-wars-trivia-tuesday-answers"
"Star Wars 4 · Deep cuts","Jedi & Sith lore","Which world is home to Mother Talzin's Nightsister clan?","Mandalore","Ryloth","Dathomir","Naboo","Dathomir","Dathomir is the home of Talzin's Nightsisters and the Nightbrothers.","https://www.starwars.com/databank/mother-talzin"
"Star Wars 4 · Deep cuts","Jedi & Sith lore","Which ancient Sith world does Yoda visit in The Clone Wars episode ""Sacrifice""?","Exegol","Mustafar","Malachor","Moraband","Moraband","Moraband contains the Valley of the Dark Lords and Darth Bane's tomb.","https://www.starwars.com/databank/moraband"
"Star Wars 4 · Deep cuts","Alien species","What species is Admiral Ackbar?","Mon Calamari","Quarren","Nautolan","Gungan","Mon Calamari","Ackbar is a Mon Calamari; Quarren are another species from the same ocean world.","https://www.starwars.com/databank/admiral-ackbar"
"Star Wars 4 · Deep cuts","Alien species","What species is the green-skinned bounty hunter Greedo?","Duros","Rodian","Trandoshan","Bith","Rodian","Greedo is a Rodian with large eyes and short antennae.","https://www.starwars.com/databank/greedo"
"Star Wars 4 · Deep cuts","Alien species","Which species does Jabba belong to?","Ortolan","Gamorrean","Hutt","Besalisk","Hutt","Jabba is a Hutt crime lord; Gamorreans serve among his guards.","https://www.starwars.com/databank/jabba-the-hutt"
"Star Wars 4 · Deep cuts","Alien species","What is Yoda's species officially called in the Star Wars Databank?","Whill","Lannik","Yodaling","Unknown","Unknown","The Databank lists Yoda's species as unknown; Grogu does not establish a species name.","https://www.starwars.com/databank/yoda"
"Star Wars 4 · Deep cuts","Alien species","Which species is the blue musician Max Rebo?","Ortolan","Toydarian","Bith","Sullustan","Ortolan","Max Rebo is an Ortolan with a trunk-like nose.","https://www.starwars.com/news/star-wars-trivia-tuesday-answers"
"Star Wars 4 · Deep cuts","Alien species","What kind of creature is Jabba's cackling companion Salacious Crumb?","A porg","A Kowakian monkey-lizard","A loth-cat","A mynock","A Kowakian monkey-lizard","Kowakian monkey-lizards are known for their incessant laughter.","https://www.starwars.com/news/star-wars-trivia-tuesday-answers"
"Star Wars 4 · Deep cuts","Alien species","What species is Lando's Falcon co-pilot Nien Nunb?","Duros","Quarren","Sullustan","Ugnaught","Sullustan","Nien Nunb is a Sullustan and flies with Lando at Endor.","https://www.starwars.com/news/much-to-learn-you-still-have-7-things-you-might-not-know-about-sullustans"
"Star Wars 4 · Deep cuts","Alien species","Which species is cantina musician Figrin D'an?","Rodian","Neimoidian","Ithorian","Bith","Bith","Figrin D'an and the Modal Nodes are the Bith band in the Mos Eisley cantina.","https://www.starwars.com/news/star-wars-trivia"
"Star Wars 4 · Deep cuts","Terms & equipment","What do the letters TIE in TIE fighter stand for?","Twin Ion Engine","Tactical Imperial Escort","Twin Ignition Emitter","Transgalactic Interceptor Engine","Twin Ion Engine","TIE means Twin Ion Engine, not a description of the ship's bow-tie silhouette.","https://www.starwars.com/news/star-wars-trivia"
"Star Wars 4 · Deep cuts","Terms & equipment","What does AT-AT stand for?","Armored Tactical Assault Tank","All Terrain Armored Transport","Advanced Troop Attack Transport","All Terrain Artillery Tower","All Terrain Armored Transport","The All Terrain Armored Transport combines troop transport with heavy firepower.","https://www.starwars.com/databank/at-at-walker"
"Star Wars 4 · Deep cuts","Terms & equipment","What distinguishes Maul's lightsaber in The Phantom Menace?","A purple blade","A crossguard","Two blades extending from one hilt","A white blade","Two blades extending from one hilt","Maul's double-bladed weapon is also called a saberstaff.","https://www.starwars.com/databank/darth-maul"
"Star Wars 4 · Deep cuts","Terms & equipment","What gives Kylo Ren's lightsaber its crossguard shape?","A shield projector","A pair of blaster barrels","Two metal hooks","Two smaller side blades","Two smaller side blades","Side vents form the small quillon blades on Kylo's unstable saber.","https://www.starwars.com/databank/kylo-rens-lightsaber"
"Star Wars 4 · Deep cuts","Terms & equipment","What is a GNK or ""gonk"" droid's main job?","Providing portable power","Translating languages","Treating injuries","Piloting starfighters","Providing portable power","GNK droids are walking power generators.","https://www.starwars.com/news/star-wars-trivia-tuesday-answers"
"Star Wars 4 · Deep cuts","Terms & equipment","What is the holographic creature board game played aboard the Falcon called?","Sabacc","Dejarik","Pazaak","Podracing","Dejarik","Dejarik uses holographic creatures; sabacc is a card game.","https://www.starwars.com/databank/dejarik"
"Star Wars 4 · Deep cuts","Terms & equipment","Which event is the reference point for dates labeled BBY and ABY?","The Battle of Endor","The Battle of Naboo","The Battle of Yavin","Order 66","The Battle of Yavin","BBY means Before the Battle of Yavin; ABY means After the Battle of Yavin.","https://www.starwars.com/andor-s1-e1-trivia-gallery"
"Star Wars 4 · Deep cuts","Terms & equipment","In A New Hope, C-3PO claims fluency in over how many forms of communication?","Six hundred","Six thousand","Sixty thousand","Six million","Six million","C-3PO boasts that he is fluent in over six million forms of communication.","https://www.starwars.com/databank/c-3po"
"Star Wars 4 · Deep cuts","Names to remember","What is Grand Moff Tarkin's first name?","Wilhuff","Orson","Wullf","Armitage","Wilhuff","Wilhuff Tarkin commands the first Death Star.","https://www.starwars.com/news/star-wars-trivia"
"Star Wars 4 · Deep cuts","Names to remember","Which Rebel pilot uses the call sign Red Six at Yavin?","Biggs Darklighter","Jek Porkins","Wedge Antilles","Garven Dreis","Jek Porkins","Porkins is Red Six; Luke is Red Five.","https://www.starwars.com/news/star-wars-trivia-tuesday-answers"
"Star Wars 4 · Deep cuts","Names to remember","Who is Luke's snowspeeder gunner during the Battle of Hoth?","Wes Janson","Zev Senesca","Dak Ralter","Hobbie Klivian","Dak Ralter","Dak is killed during the attack; Wes Janson is Wedge's gunner.","https://www.starwars.com/news/star-wars-trivia-tuesday-answers"
"Star Wars 4 · Deep cuts","Names to remember","Which Star Destroyer captures Leia's ship above Tatooine in A New Hope?","Executor","Chimaera","Ravager","Devastator","Devastator","Devastator is the pursuing Imperial-class Star Destroyer in the opening scene.","https://www.starwars.com/news/star-wars-trivia-tuesday-answers"
"Star Wars 4 · Deep cuts","Names to remember","What huge tracked vehicle do Jawas use to transport salvaged droids?","Sandcrawler","Sail barge","AT-TE","Conveyex","Sandcrawler","Jawas trade droids and scrap from their sandcrawlers.","https://www.starwars.com/databank/sandcrawler"
"Star Wars 4 · Deep cuts","Names to remember","Which bounty hunter does Leia impersonate to infiltrate Jabba's palace?","Zuckuss","Boushh","Dengar","Aurra Sing","Boushh","Leia wears Boushh's helmet and brings in Chewbacca as a supposed captive.","https://www.starwars.com/news/star-wars-princess-leia-boushh-helmet-reveal"
"Star Wars 4 · Deep cuts","Names to remember","Which couple raises Luke on their moisture farm?","Bail and Breha Organa","Clem and Maarva Andor","Owen and Beru Lars","Han and Leia Solo","Owen and Beru Lars","Luke knows Owen and Beru as his uncle and aunt.","https://www.starwars.com/databank/luke-skywalker"
"Star Wars 4 · Deep cuts","Names to remember","Which Ewok first befriends Leia after her speeder-bike chase?","Logray","Chief Chirpa","Paploo","Wicket","Wicket","Wicket W. Warrick approaches Leia and helps her evade Imperial scouts.","https://www.starwars.com/databank/wicket-w-warrick"
"Star Wars 4 · Deep cuts","Behind the camera","Who directs The Empire Strikes Back?","Irvin Kershner","George Lucas","Richard Marquand","Ron Howard","Irvin Kershner","Kershner directs Episode V; Lucas provides the story and produces.","https://www.starwars.com/films/star-wars-episode-v-the-empire-strikes-back"
"Star Wars 4 · Deep cuts","Behind the camera","Who directs Return of the Jedi?","Irvin Kershner","Richard Marquand","Lawrence Kasdan","Steven Spielberg","Richard Marquand","Marquand directs the original trilogy's final film.","https://www.starwars.com/news/star-wars-trivia"
"Star Wars 4 · Deep cuts","Behind the camera","Who composes the score for Rogue One?","John Williams","John Powell","Michael Giacchino","Ludwig Göransson","Michael Giacchino","Giacchino scores Rogue One while using some established Star Wars musical themes.","https://www.starwars.com/news/john-williams-birthday"
"Star Wars 4 · Deep cuts","Behind the camera","Who composes the score for Solo: A Star Wars Story?","Michael Giacchino","Kevin Kiner","Ludwig Göransson","John Powell","John Powell","Powell writes the score; John Williams contributes a new Han Solo theme.","https://www.starwars.com/news/john-williams-birthday"
"Star Wars 4 · Deep cuts","Behind the camera","Who composes The Mandalorian's main theme and season 1 score?","Ludwig Göransson","John Williams","Nicholas Britell","Kevin Kiner","Ludwig Göransson","Göransson creates the series' distinctive recorder-led sound.","https://www.starwars.com/news/john-williams-birthday"
"Star Wars 4 · Deep cuts","Behind the camera","Which sound designer creates many iconic Star Wars sounds, including Vader's breathing?","Ralph McQuarrie","Ben Burtt","John Dykstra","Dennis Muren","Ben Burtt","Burtt builds the galaxy's soundscape from recordings of real machines, animals, and other sources.","https://www.starwars.com/news/empire-at-40-ben-burtt-interview"
"Star Wars 4 · Deep cuts","Behind the camera","Who creates The Mandalorian television series?","Tony Gilroy","George Lucas","Jon Favreau","Rian Johnson","Jon Favreau","Favreau creates the series and develops it with fellow executive producer Dave Filoni.","https://www.starwars.com/news/jon-favreau-dave-filoni-interview-the-mandalorian-season-3"
"Star Wars 4 · Deep cuts","Behind the camera","Which concept artist helps define the original designs of Vader and C-3PO?","Ben Burtt","John Williams","Lawrence Kasdan","Ralph McQuarrie","Ralph McQuarrie","McQuarrie's concept paintings shape the look of the original trilogy and later projects.","https://www.starwars.com/news/celebrating-a-master-inside-star-wars-art-ralph-mcquarrie"
"Star Wars 4 · Deep cuts","Actors & voices","Who plays Qui-Gon Jinn in The Phantom Menace?","Liam Neeson","Ewan McGregor","Alec Guinness","Christopher Lee","Liam Neeson","Neeson plays Qui-Gon; McGregor plays his apprentice Obi-Wan.","https://www.starwars.com/films/star-wars-episode-i-the-phantom-menace"
"Star Wars 4 · Deep cuts","Actors & voices","Who plays Count Dooku in Episodes II and III?","Peter Cushing","Christopher Lee","Ian McDiarmid","Terence Stamp","Christopher Lee","Christopher Lee plays Dooku; his fellow horror-film star Peter Cushing plays Tarkin.","https://www.starwars.com/films/star-wars-episode-ii-attack-of-the-clones"
"Star Wars 4 · Deep cuts","Actors & voices","Which actor plays Palpatine in Return of the Jedi and the prequel trilogy?","Ian McKellen","Christopher Lee","Ian McDiarmid","Max von Sydow","Ian McDiarmid","McDiarmid plays both the public politician and the Sith Lord behind the mask.","https://www.starwars.com/films/star-wars-episode-iii-revenge-of-the-sith"
"Star Wars 4 · Deep cuts","Actors & voices","Which actor performs C-3PO in the original trilogy?","Kenny Baker","Peter Mayhew","Warwick Davis","Anthony Daniels","Anthony Daniels","Daniels provides C-3PO's voice and the performance inside the golden costume.","https://www.starwars.com/films/star-wars-episode-iv-a-new-hope"
"Star Wars 4 · Deep cuts","Actors & voices","Who provides Yoda's voice in The Empire Strikes Back?","Frank Oz","Jim Henson","Warwick Davis","Tom Kane","Frank Oz","Oz voices and puppeteers Yoda; Tom Kane voices Yoda in The Clone Wars.","https://www.starwars.com/films/star-wars-episode-v-the-empire-strikes-back"
"Star Wars 4 · Deep cuts","Actors & voices","Which actor plays both Snoke and Andor's Kino Loy?","Stellan Skarsgård","Andy Serkis","Forest Whitaker","Ben Mendelsohn","Andy Serkis","Serkis plays both characters, but Kino and Snoke are different people.","https://www.starwars.com/news/andy-serkis-andor-interview"
"Star Wars 4 · Deep cuts","Actors & voices","Which actor is credited as Din Djarin in The Mandalorian?","Diego Luna","Oscar Isaac","Pedro Pascal","Temuera Morrison","Pedro Pascal","Pascal plays Din; stunt performers also contribute the armored physical performance.","https://www.starwars.com/series/the-mandalorian"
"Star Wars 4 · Deep cuts","Actors & voices","Who voices Ahsoka in The Clone Wars and Rebels?","Rosario Dawson","Ashley Johnson","Vanessa Marshall","Ashley Eckstein","Ashley Eckstein","Eckstein voices animated Ahsoka; Dawson plays her in live action.","https://www.starwars.com/news/contributor/aeckstein"
"Star Wars 4 · Deep cuts","Filming & releases","Which fake production title conceals the filming of Return of the Jedi?","Blue Harvest","Red Dawn","Dune Sea","Black Sun","Blue Harvest","Blue Harvest is a cover title used during production.","https://www.starwars.com/news/may-the-4th-be-with-you-cultural-history"
"Star Wars 4 · Deep cuts","Filming & releases","What announced title preceded Return of the Jedi before ""Return"" replaced one word?","Rise of the Jedi","Revenge of the Jedi","Rebirth of the Jedi","Rescue of the Jedi","Revenge of the Jedi","Revenge of the Jedi even appeared in early promotional material.","https://www.starwars.com/news/may-the-4th-be-with-you-cultural-history"
"Star Wars 4 · Deep cuts","Filming & releases","Which country supplies the jungle-temple location shots for Yavin 4 in A New Hope?","Mexico","Peru","Guatemala","Tunisia","Guatemala","The Mayan ruins at Tikal in Guatemala stand in for the Rebel base.","https://www.starwars.com/news/star-wars-trivia"
"Star Wars 4 · Deep cuts","Filming & releases","In which country is Finse, the snowy location used for Hoth?","Iceland","Canada","Sweden","Norway","Norway","Finse, Norway provides the real snow and ice for Hoth location filming.","https://www.starwars.com/news/hoth-behind-the-scenes"
"Star Wars 4 · Deep cuts","Filming & releases","Which North African country hosts the Mos Espa set for The Phantom Menace?","Tunisia","Morocco","Egypt","Algeria","Tunisia","The crew films Tatooine scenes in Tunisia and rebuilds after a destructive storm.","https://www.starwars.com/video/episode-i-surviving-tatooine"
"Star Wars 4 · Deep cuts","Filming & releases","In which year does The Phantom Menace first release?","1997","1999","2002","2005","1999","The prequel releases are 1999, 2002, and 2005.","https://www.starwars.com/films/star-wars-episode-i-the-phantom-menace"
"Star Wars 4 · Deep cuts","Filming & releases","In which year does The Empire Strikes Back first release?","1977","1979","1980","1983","1980","The original trilogy releases are 1977, 1980, and 1983.","https://www.starwars.com/films/star-wars-episode-v-the-empire-strikes-back"
"Star Wars 4 · Deep cuts","Filming & releases","In which year does the original trilogy return to cinemas as the Special Editions?","1987","1993","1995","1997","1997","The 1997 Special Editions mark twenty years since the first film.","https://www.starwars.com/video/special-edition-trilogy-trailer"
"Star Wars 4 · Deep cuts","Games & books","Which Jedi is the protagonist of Jedi: Fallen Order and Jedi: Survivor?","Cal Kestis","Kyle Katarn","Galen Marek","Ezra Bridger","Cal Kestis","Cal survives Order 66 as Jaro Tapal's Padawan and later fights the Empire.","https://www.starwars.com/databank/cal-kestis"
"Star Wars 4 · Deep cuts","Games & books","Which small exploration droid accompanies Cal Kestis?","D-O","BD-1","T3-M4","HK-47","BD-1","BD-1 helps Cal explore, scan his surroundings, and survive dangerous environments.","https://www.starwars.com/databank/greez"
"Star Wars 4 · Deep cuts","Games & books","Who is the four-armed captain of the Stinger Mantis?","Cere Junda","Eno Cordova","Greez Dritus","Jaro Tapal","Greez Dritus","Greez is a Latero pilot and an enthusiastic cook.","https://www.starwars.com/databank/greez"
"Star Wars 4 · Deep cuts","Games & books","What is Cal's ability to sense an object's past called?","Battle meditation","Force projection","Telekinesis","Psychometry","Psychometry","Psychometry lets Cal experience Force echoes connected to objects.","https://www.starwars.com/databank/cal-kestis"
"Star Wars 4 · Deep cuts","Games & books","Who writes the 1991 novel Heir to the Empire, which introduces Thrawn?","Timothy Zahn","James Luceno","Claudia Gray","Drew Karpyshyn","Timothy Zahn","Zahn creates Thrawn in the original book trilogy, now classified as Legends.","https://www.starwars.com/news/from-the-pages-of-star-wars-insider-timothy-zahn-talks-30-years-of-thrawn"
"Star Wars 4 · Deep cuts","Games & books","Which banner is applied to much of the older Expanded Universe after the 2014 continuity announcement?","Infinities","Legends","Visions","The High Republic","Legends","Legends preserves the older continuity separately; characters can still be reintroduced into canon.","https://www.starwars.com/news/the-legendary-star-wars-expanded-universe-turns-a-new-page"
"Star Wars 4 · Deep cuts","Games & books","Which Sith antagonist is central to The Old Republic's Legacy of the Sith expansion?","Darth Bane","Darth Nihilus","Darth Malgus","Darth Maul","Darth Malgus","Legacy of the Sith follows the plans of the renegade Darth Malgus in the game's Legends setting.","https://www.starwars.com/news/star-wars-the-old-republic-legacy-of-the-sith"
"Star Wars 4 · Deep cuts","Games & books","What is the name of Kay Vess's merqaal companion in Star Wars Outlaws?","BD-1","Grogu","Lula","Nix","Nix","Nix is Kay's loyal companion and helps with distractions, theft, and combat.","https://www.starwars.com/databank/nix"
